registry,country,report_year,data_period,table_key,table_id,procedure,pdf_file,pdf_page,source,verification,section,row_type,device_label,femoral,tibial,manufacturer_femoral,manufacturer_tibial,compartment,patella,talar,humeral,ulnar,diagnosis,implant_class,constraint,n_total,n_revised,hospitals,age_median,age_q1,age_q3,mean_age,male_pct,ccs,years_implanted,time_yr,estimate,lcl,ucl,n_at_risk,value_status,low_at_risk,metric_type,metric_method,ci_level,population,row_flags
AOANJRR,Australia,2025,to 2024-12-31,elbow_total_stem_fracture,ET6,ELBOW,2025 Demo Elbow Wrist Supplementary Report AOANJRR.pdf,17,pdf_text,not_needed,,device,Coonrad/Morrey,,,,,,,,Coonrad/Morrey,,Fracture/Dislocation,,,333,31,,,,,,,,,1,1.9,0.9,4.2,,ok,False,cumulative_percent_revision,"Kaplan-Meier (1-KM), percent",0.95,Primary total elbow replacement without radial replacement; humeral stems with >10 procedures,
AOANJRR,Australia,2025,to 2024-12-31,elbow_total_stem_fracture,ET6,ELBOW,2025 Demo Elbow Wrist Supplementary Report AOANJRR.pdf,17,pdf_text,not_needed,,device,Coonrad/Morrey,,,,,,,,Coonrad/Morrey,,Fracture/Dislocation,,,333,31,,,,,,,,,3,6.3,4.0,9.8,,ok,False,cumulative_percent_revision,"Kaplan-Meier (1-KM), percent",0.95,Primary total elbow replacement without radial replacement; humeral stems with >10 procedures,
AOANJRR,Australia,2025,to 2024-12-31,elbow_total_stem_fracture,ET6,ELBOW,2025 Demo Elbow Wrist Supplementary Report AOANJRR.pdf,17,pdf_text,not_needed,,device,Coonrad/Morrey,,,,,,,,Coonrad/Morrey,,Fracture/Dislocation,,,333,31,,,,,,,,,5,8.9,6.0,13.1,,ok,False,cumulative_percent_revision,"Kaplan-Meier (1-KM), percent",0.95,Primary total elbow replacement without radial replacement; humeral stems with >10 procedures,
AOANJRR,Australia,2025,to 2024-12-31,elbow_total_stem_fracture,ET6,ELBOW,2025 Demo Elbow Wrist Supplementary Report AOANJRR.pdf,17,pdf_text,not_needed,,device,Coonrad/Morrey,,,,,,,,Coonrad/Morrey,,Fracture/Dislocation,,,333,31,,,,,,,,,10,13.3,9.2,19.0,,ok,False,cumulative_percent_revision,"Kaplan-Meier (1-KM), percent",0.95,Primary total elbow replacement without radial replacement; humeral stems with >10 procedures,
AOANJRR,Australia,2025,to 2024-12-31,elbow_total_stem_fracture,ET6,ELBOW,2025 Demo Elbow Wrist Supplementary Report AOANJRR.pdf,17,pdf_text,not_needed,,device,Coonrad/Morrey,,,,,,,,Coonrad/Morrey,,Fracture/Dislocation,,,333,31,,,,,,,,,15,,,,,blank,False,cumulative_percent_revision,"Kaplan-Meier (1-KM), percent",0.95,Primary total elbow replacement without radial replacement; humeral stems with >10 procedures,
AOANJRR,Australia,2025,to 2024-12-31,elbow_total_stem_fracture,ET6,ELBOW,2025 Demo Elbow Wrist Supplementary Report AOANJRR.pdf,17,pdf_text,not_needed,,device,Discovery,,,,,,,,Discovery,,Fracture/Dislocation,,,26,3,,,,,,,,,1,4.0,0.6,25.2,,ok,False,cumulative_percent_revision,"Kaplan-Meier (1-KM), percent",0.95,Primary total elbow replacement without radial replacement; humeral stems with >10 procedures,
AOANJRR,Australia,2025,to 2024-12-31,elbow_total_stem_fracture,ET6,ELBOW,2025 Demo Elbow Wrist Supplementary Report AOANJRR.pdf,17,pdf_text,not_needed,,device,Discovery,,,,,,,,Discovery,,Fracture/Dislocation,,,26,3,,,,,,,,,3,8.4,2.2,29.6,,ok,False,cumulative_percent_revision,"Kaplan-Meier (1-KM), percent",0.95,Primary total elbow replacement without radial replacement; humeral stems with >10 procedures,
AOANJRR,Australia,2025,to 2024-12-31,elbow_total_stem_fracture,ET6,ELBOW,2025 Demo Elbow Wrist Supplementary Report AOANJRR.pdf,17,pdf_text,not_needed,,device,Discovery,,,,,,,,Discovery,,Fracture/Dislocation,,,26,3,,,,,,,,,5,13.2,4.4,35.7,,ok,False,cumulative_percent_revision,"Kaplan-Meier (1-KM), percent",0.95,Primary total elbow replacement without radial replacement; humeral stems with >10 procedures,
AOANJRR,Australia,2025,to 2024-12-31,elbow_total_stem_fracture,ET6,ELBOW,2025 Demo Elbow Wrist Supplementary Report AOANJRR.pdf,17,pdf_text,not_needed,,device,Discovery,,,,,,,,Discovery,,Fracture/Dislocation,,,26,3,,,,,,,,,10,13.2,4.4,35.7,,ok,False,cumulative_percent_revision,"Kaplan-Meier (1-KM), percent",0.95,Primary total elbow replacement without radial replacement; humeral stems with >10 procedures,
AOANJRR,Australia,2025,to 2024-12-31,elbow_total_stem_fracture,ET6,ELBOW,2025 Demo Elbow Wrist Supplementary Report AOANJRR.pdf,17,pdf_text,not_needed,,device,Discovery,,,,,,,,Discovery,,Fracture/Dislocation,,,26,3,,,,,,,,,15,,,,,blank,False,cumulative_percent_revision,"Kaplan-Meier (1-KM), percent",0.95,Primary total elbow replacement without radial replacement; humeral stems with >10 procedures,
AOANJRR,Australia,2025,to 2024-12-31,elbow_total_stem_fracture,ET6,ELBOW,2025 Demo Elbow Wrist Supplementary Report AOANJRR.pdf,17,pdf_text,not_needed,,device,Latitude,,,,,,,,Latitude,,Fracture/Dislocation,,,277,18,,,,,,,,,1,2.3,1.0,5.0,,ok,False,cumulative_percent_revision,"Kaplan-Meier (1-KM), percent",0.95,Primary total elbow replacement without radial replacement; humeral stems with >10 procedures,
AOANJRR,Australia,2025,to 2024-12-31,elbow_total_stem_fracture,ET6,ELBOW,2025 Demo Elbow Wrist Supplementary Report AOANJRR.pdf,17,pdf_text,not_needed,,device,Latitude,,,,,,,,Latitude,,Fracture/Dislocation,,,277,18,,,,,,,,,3,6.1,3.6,10.2,,ok,False,cumulative_percent_revision,"Kaplan-Meier (1-KM), percent",0.95,Primary total elbow replacement without radial replacement; humeral stems with >10 procedures,
AOANJRR,Australia,2025,to 2024-12-31,elbow_total_stem_fracture,ET6,ELBOW,2025 Demo Elbow Wrist Supplementary Report AOANJRR.pdf,17,pdf_text,not_needed,,device,Latitude,,,,,,,,Latitude,,Fracture/Dislocation,,,277,18,,,,,,,,,5,6.1,3.6,10.2,,ok,False,cumulative_percent_revision,"Kaplan-Meier (1-KM), percent",0.95,Primary total elbow replacement without radial replacement; humeral stems with >10 procedures,
AOANJRR,Australia,2025,to 2024-12-31,elbow_total_stem_fracture,ET6,ELBOW,2025 Demo Elbow Wrist Supplementary Report AOANJRR.pdf,17,pdf_text,not_needed,,device,Latitude,,,,,,,,Latitude,,Fracture/Dislocation,,,277,18,,,,,,,,,10,,,,,blank,False,cumulative_percent_revision,"Kaplan-Meier (1-KM), percent",0.95,Primary total elbow replacement without radial replacement; humeral stems with >10 procedures,
AOANJRR,Australia,2025,to 2024-12-31,elbow_total_stem_fracture,ET6,ELBOW,2025 Demo Elbow Wrist Supplementary Report AOANJRR.pdf,17,pdf_text,not_needed,,device,Latitude,,,,,,,,Latitude,,Fracture/Dislocation,,,277,18,,,,,,,,,15,,,,,blank,False,cumulative_percent_revision,"Kaplan-Meier (1-KM), percent",0.95,Primary total elbow replacement without radial replacement; humeral stems with >10 procedures,
AOANJRR,Australia,2025,to 2024-12-31,elbow_total_stem_fracture,ET6,ELBOW,2025 Demo Elbow Wrist Supplementary Report AOANJRR.pdf,17,pdf_text,not_needed,,device,Nexel,,,,,,,,Nexel,,Fracture/Dislocation,,,121,10,,,,,,,,,1,2.6,0.8,7.7,,ok,False,cumulative_percent_revision,"Kaplan-Meier (1-KM), percent",0.95,Primary total elbow replacement without radial replacement; humeral stems with >10 procedures,
AOANJRR,Australia,2025,to 2024-12-31,elbow_total_stem_fracture,ET6,ELBOW,2025 Demo Elbow Wrist Supplementary Report AOANJRR.pdf,17,pdf_text,not_needed,,device,Nexel,,,,,,,,Nexel,,Fracture/Dislocation,,,121,10,,,,,,,,,3,6.8,3.3,13.8,,ok,False,cumulative_percent_revision,"Kaplan-Meier (1-KM), percent",0.95,Primary total elbow replacement without radial replacement; humeral stems with >10 procedures,
AOANJRR,Australia,2025,to 2024-12-31,elbow_total_stem_fracture,ET6,ELBOW,2025 Demo Elbow Wrist Supplementary Report AOANJRR.pdf,17,pdf_text,not_needed,,device,Nexel,,,,,,,,Nexel,,Fracture/Dislocation,,,121,10,,,,,,,,,5,,,,,blank,False,cumulative_percent_revision,"Kaplan-Meier (1-KM), percent",0.95,Primary total elbow replacement without radial replacement; humeral stems with >10 procedures,
AOANJRR,Australia,2025,to 2024-12-31,elbow_total_stem_fracture,ET6,ELBOW,2025 Demo Elbow Wrist Supplementary Report AOANJRR.pdf,17,pdf_text,not_needed,,device,Nexel,,,,,,,,Nexel,,Fracture/Dislocation,,,121,10,,,,,,,,,10,,,,,blank,False,cumulative_percent_revision,"Kaplan-Meier (1-KM), percent",0.95,Primary total elbow replacement without radial replacement; humeral stems with >10 procedures,
AOANJRR,Australia,2025,to 2024-12-31,elbow_total_stem_fracture,ET6,ELBOW,2025 Demo Elbow Wrist Supplementary Report AOANJRR.pdf,17,pdf_text,not_needed,,device,Nexel,,,,,,,,Nexel,,Fracture/Dislocation,,,121,10,,,,,,,,,15,,,,,blank,False,cumulative_percent_revision,"Kaplan-Meier (1-KM), percent",0.95,Primary total elbow replacement without radial replacement; humeral stems with >10 procedures,
AOANJRR,Australia,2025,to 2024-12-31,elbow_total_stem_fracture,ET6,ELBOW,2025 Demo Elbow Wrist Supplementary Report AOANJRR.pdf,17,pdf_text,not_needed,,other,Other (4),,,,,,,,Other (4),,Fracture/Dislocation,,,7,1,,,,,,,,,1,16.7,2.5,72.7,,ok,False,cumulative_percent_revision,"Kaplan-Meier (1-KM), percent",0.95,Primary total elbow replacement without radial replacement; humeral stems with >10 procedures,
AOANJRR,Australia,2025,to 2024-12-31,elbow_total_stem_fracture,ET6,ELBOW,2025 Demo Elbow Wrist Supplementary Report AOANJRR.pdf,17,pdf_text,not_needed,,other,Other (4),,,,,,,,Other (4),,Fracture/Dislocation,,,7,1,,,,,,,,,3,16.7,2.5,72.7,,ok,False,cumulative_percent_revision,"Kaplan-Meier (1-KM), percent",0.95,Primary total elbow replacement without radial replacement; humeral stems with >10 procedures,
AOANJRR,Australia,2025,to 2024-12-31,elbow_total_stem_fracture,ET6,ELBOW,2025 Demo Elbow Wrist Supplementary Report AOANJRR.pdf,17,pdf_text,not_needed,,other,Other (4),,,,,,,,Other (4),,Fracture/Dislocation,,,7,1,,,,,,,,,5,16.7,2.5,72.7,,ok,False,cumulative_percent_revision,"Kaplan-Meier (1-KM), percent",0.95,Primary total elbow replacement without radial replacement; humeral stems with >10 procedures,
AOANJRR,Australia,2025,to 2024-12-31,elbow_total_stem_fracture,ET6,ELBOW,2025 Demo Elbow Wrist Supplementary Report AOANJRR.pdf,17,pdf_text,not_needed,,other,Other (4),,,,,,,,Other (4),,Fracture/Dislocation,,,7,1,,,,,,,,,10,,,,,blank,False,cumulative_percent_revision,"Kaplan-Meier (1-KM), percent",0.95,Primary total elbow replacement without radial replacement; humeral stems with >10 procedures,
AOANJRR,Australia,2025,to 2024-12-31,elbow_total_stem_fracture,ET6,ELBOW,2025 Demo Elbow Wrist Supplementary Report AOANJRR.pdf,17,pdf_text,not_needed,,other,Other (4),,,,,,,,Other (4),,Fracture/Dislocation,,,7,1,,,,,,,,,15,,,,,blank,False,cumulative_percent_revision,"Kaplan-Meier (1-KM), percent",0.95,Primary total elbow replacement without radial replacement; humeral stems with >10 procedures,
AOANJRR,Australia,2025,to 2024-12-31,elbow_total_stem_fracture,ET6,ELBOW,2025 Demo Elbow Wrist Supplementary Report AOANJRR.pdf,17,pdf_text,not_needed,,total,TOTAL,,,,,,,,TOTAL,,Fracture/Dislocation,,,764,63,,,,,,,,,1,,,,,blank,False,cumulative_percent_revision,"Kaplan-Meier (1-KM), percent",0.95,Primary total elbow replacement without radial replacement; humeral stems with >10 procedures,
AOANJRR,Australia,2025,to 2024-12-31,elbow_total_stem_fracture,ET6,ELBOW,2025 Demo Elbow Wrist Supplementary Report AOANJRR.pdf,17,pdf_text,not_needed,,total,TOTAL,,,,,,,,TOTAL,,Fracture/Dislocation,,,764,63,,,,,,,,,3,,,,,blank,False,cumulative_percent_revision,"Kaplan-Meier (1-KM), percent",0.95,Primary total elbow replacement without radial replacement; humeral stems with >10 procedures,
AOANJRR,Australia,2025,to 2024-12-31,elbow_total_stem_fracture,ET6,ELBOW,2025 Demo Elbow Wrist Supplementary Report AOANJRR.pdf,17,pdf_text,not_needed,,total,TOTAL,,,,,,,,TOTAL,,Fracture/Dislocation,,,764,63,,,,,,,,,5,,,,,blank,False,cumulative_percent_revision,"Kaplan-Meier (1-KM), percent",0.95,Primary total elbow replacement without radial replacement; humeral stems with >10 procedures,
AOANJRR,Australia,2025,to 2024-12-31,elbow_total_stem_fracture,ET6,ELBOW,2025 Demo Elbow Wrist Supplementary Report AOANJRR.pdf,17,pdf_text,not_needed,,total,TOTAL,,,,,,,,TOTAL,,Fracture/Dislocation,,,764,63,,,,,,,,,10,,,,,blank,False,cumulative_percent_revision,"Kaplan-Meier (1-KM), percent",0.95,Primary total elbow replacement without radial replacement; humeral stems with >10 procedures,
AOANJRR,Australia,2025,to 2024-12-31,elbow_total_stem_fracture,ET6,ELBOW,2025 Demo Elbow Wrist Supplementary Report AOANJRR.pdf,17,pdf_text,not_needed,,total,TOTAL,,,,,,,,TOTAL,,Fracture/Dislocation,,,764,63,,,,,,,,,15,,,,,blank,False,cumulative_percent_revision,"Kaplan-Meier (1-KM), percent",0.95,Primary total elbow replacement without radial replacement; humeral stems with >10 procedures,
AOANJRR,Australia,2025,to 2024-12-31,elbow_total_stem_oa,ET7,ELBOW,2025 Demo Elbow Wrist Supplementary Report AOANJRR.pdf,17,pdf_text,not_needed,,device,Coonrad/Morrey,,,,,,,,Coonrad/Morrey,,Osteoarthritis,,,201,49,,,,,,,,,1,4.0,2.0,7.9,,ok,False,cumulative_percent_revision,"Kaplan-Meier (1-KM), percent",0.95,Primary total elbow replacement without radial replacement; humeral stems with >10 procedures,
AOANJRR,Australia,2025,to 2024-12-31,elbow_total_stem_oa,ET7,ELBOW,2025 Demo Elbow Wrist Supplementary Report AOANJRR.pdf,17,pdf_text,not_needed,,device,Coonrad/Morrey,,,,,,,,Coonrad/Morrey,,Osteoarthritis,,,201,49,,,,,,,,,3,15.7,11.2,21.7,,ok,False,cumulative_percent_revision,"Kaplan-Meier (1-KM), percent",0.95,Primary total elbow replacement without radial replacement; humeral stems with >10 procedures,
AOANJRR,Australia,2025,to 2024-12-31,elbow_total_stem_oa,ET7,ELBOW,2025 Demo Elbow Wrist Supplementary Report AOANJRR.pdf,17,pdf_text,not_needed,,device,Coonrad/Morrey,,,,,,,,Coonrad/Morrey,,Osteoarthritis,,,201,49,,,,,,,,,5,21.6,16.3,28.4,,ok,False,cumulative_percent_revision,"Kaplan-Meier (1-KM), percent",0.95,Primary total elbow replacement without radial replacement; humeral stems with >10 procedures,
AOANJRR,Australia,2025,to 2024-12-31,elbow_total_stem_oa,ET7,ELBOW,2025 Demo Elbow Wrist Supplementary Report AOANJRR.pdf,17,pdf_text,not_needed,,device,Coonrad/Morrey,,,,,,,,Coonrad/Morrey,,Osteoarthritis,,,201,49,,,,,,,,,10,28.2,22.0,35.7,,ok,False,cumulative_percent_revision,"Kaplan-Meier (1-KM), percent",0.95,Primary total elbow replacement without radial replacement; humeral stems with >10 procedures,
AOANJRR,Australia,2025,to 2024-12-31,elbow_total_stem_oa,ET7,ELBOW,2025 Demo Elbow Wrist Supplementary Report AOANJRR.pdf,17,pdf_text,not_needed,,device,Coonrad/Morrey,,,,,,,,Coonrad/Morrey,,Osteoarthritis,,,201,49,,,,,,,,,15,,,,,blank,False,cumulative_percent_revision,"Kaplan-Meier (1-KM), percent",0.95,Primary total elbow replacement without radial replacement; humeral stems with >10 procedures,
AOANJRR,Australia,2025,to 2024-12-31,elbow_total_stem_oa,ET7,ELBOW,2025 Demo Elbow Wrist Supplementary Report AOANJRR.pdf,17,pdf_text,not_needed,,device,Discovery,,,,,,,,Discovery,,Osteoarthritis,,,61,15,,,,,,,,,1,3.3,0.8,12.5,,ok,False,cumulative_percent_revision,"Kaplan-Meier (1-KM), percent",0.95,Primary total elbow replacement without radial replacement; humeral stems with >10 procedures,
AOANJRR,Australia,2025,to 2024-12-31,elbow_total_stem_oa,ET7,ELBOW,2025 Demo Elbow Wrist Supplementary Report AOANJRR.pdf,17,pdf_text,not_needed,,device,Discovery,,,,,,,,Discovery,,Osteoarthritis,,,61,15,,,,,,,,,3,11.7,5.8,23.1,,ok,False,cumulative_percent_revision,"Kaplan-Meier (1-KM), percent",0.95,Primary total elbow replacement without radial replacement; humeral stems with >10 procedures,
AOANJRR,Australia,2025,to 2024-12-31,elbow_total_stem_oa,ET7,ELBOW,2025 Demo Elbow Wrist Supplementary Report AOANJRR.pdf,17,pdf_text,not_needed,,device,Discovery,,,,,,,,Discovery,,Osteoarthritis,,,61,15,,,,,,,,,5,15.3,8.3,27.4,,ok,False,cumulative_percent_revision,"Kaplan-Meier (1-KM), percent",0.95,Primary total elbow replacement without radial replacement; humeral stems with >10 procedures,
AOANJRR,Australia,2025,to 2024-12-31,elbow_total_stem_oa,ET7,ELBOW,2025 Demo Elbow Wrist Supplementary Report AOANJRR.pdf,17,pdf_text,not_needed,,device,Discovery,,,,,,,,Discovery,,Osteoarthritis,,,61,15,,,,,,,,,10,31.8,19.7,48.8,,ok,False,cumulative_percent_revision,"Kaplan-Meier (1-KM), percent",0.95,Primary total elbow replacement without radial replacement; humeral stems with >10 procedures,
AOANJRR,Australia,2025,to 2024-12-31,elbow_total_stem_oa,ET7,ELBOW,2025 Demo Elbow Wrist Supplementary Report AOANJRR.pdf,17,pdf_text,not_needed,,device,Discovery,,,,,,,,Discovery,,Osteoarthritis,,,61,15,,,,,,,,,15,,,,,blank,False,cumulative_percent_revision,"Kaplan-Meier (1-KM), percent",0.95,Primary total elbow replacement without radial replacement; humeral stems with >10 procedures,
AOANJRR,Australia,2025,to 2024-12-31,elbow_total_stem_oa,ET7,ELBOW,2025 Demo Elbow Wrist Supplementary Report AOANJRR.pdf,17,pdf_text,not_needed,,device,Latitude,,,,,,,,Latitude,,Osteoarthritis,,,239,34,,,,,,,,,1,5.8,3.4,9.7,,ok,False,cumulative_percent_revision,"Kaplan-Meier (1-KM), percent",0.95,Primary total elbow replacement without radial replacement; humeral stems with >10 procedures,
AOANJRR,Australia,2025,to 2024-12-31,elbow_total_stem_oa,ET7,ELBOW,2025 Demo Elbow Wrist Supplementary Report AOANJRR.pdf,17,pdf_text,not_needed,,device,Latitude,,,,,,,,Latitude,,Osteoarthritis,,,239,34,,,,,,,,,3,8.4,5.4,13.1,,ok,False,cumulative_percent_revision,"Kaplan-Meier (1-KM), percent",0.95,Primary total elbow replacement without radial replacement; humeral stems with >10 procedures,
AOANJRR,Australia,2025,to 2024-12-31,elbow_total_stem_oa,ET7,ELBOW,2025 Demo Elbow Wrist Supplementary Report AOANJRR.pdf,17,pdf_text,not_needed,,device,Latitude,,,,,,,,Latitude,,Osteoarthritis,,,239,34,,,,,,,,,5,13.5,9.2,19.6,,ok,False,cumulative_percent_revision,"Kaplan-Meier (1-KM), percent",0.95,Primary total elbow replacement without radial replacement; humeral stems with >10 procedures,
AOANJRR,Australia,2025,to 2024-12-31,elbow_total_stem_oa,ET7,ELBOW,2025 Demo Elbow Wrist Supplementary Report AOANJRR.pdf,17,pdf_text,not_needed,,device,Latitude,,,,,,,,Latitude,,Osteoarthritis,,,239,34,,,,,,,,,10,,,,,blank,False,cumulative_percent_revision,"Kaplan-Meier (1-KM), percent",0.95,Primary total elbow replacement without radial replacement; humeral stems with >10 procedures,
AOANJRR,Australia,2025,to 2024-12-31,elbow_total_stem_oa,ET7,ELBOW,2025 Demo Elbow Wrist Supplementary Report AOANJRR.pdf,17,pdf_text,not_needed,,device,Latitude,,,,,,,,Latitude,,Osteoarthritis,,,239,34,,,,,,,,,15,,,,,blank,False,cumulative_percent_revision,"Kaplan-Meier (1-KM), percent",0.95,Primary total elbow replacement without radial replacement; humeral stems with >10 procedures,
AOANJRR,Australia,2025,to 2024-12-31,elbow_total_stem_oa,ET7,ELBOW,2025 Demo Elbow Wrist Supplementary Report AOANJRR.pdf,17,pdf_text,not_needed,,device,Nexel,,,,,,,,Nexel,,Osteoarthritis,,,149,25,,,,,,,,,1,5.7,2.9,11.0,,ok,False,cumulative_percent_revision,"Kaplan-Meier (1-KM), percent",0.95,Primary total elbow replacement without radial replacement; humeral stems with >10 procedures,
AOANJRR,Australia,2025,to 2024-12-31,elbow_total_stem_oa,ET7,ELBOW,2025 Demo Elbow Wrist Supplementary Report AOANJRR.pdf,17,pdf_text,not_needed,,device,Nexel,,,,,,,,Nexel,,Osteoarthritis,,,149,25,,,,,,,,,3,16.2,10.9,23.9,,ok,False,cumulative_percent_revision,"Kaplan-Meier (1-KM), percent",0.95,Primary total elbow replacement without radial replacement; humeral stems with >10 procedures,
AOANJRR,Australia,2025,to 2024-12-31,elbow_total_stem_oa,ET7,ELBOW,2025 Demo Elbow Wrist Supplementary Report AOANJRR.pdf,17,pdf_text,not_needed,,device,Nexel,,,,,,,,Nexel,,Osteoarthritis,,,149,25,,,,,,,,,5,19.9,13.7,28.6,,ok,False,cumulative_percent_revision,"Kaplan-Meier (1-KM), percent",0.95,Primary total elbow replacement without radial replacement; humeral stems with >10 procedures,
AOANJRR,Australia,2025,to 2024-12-31,elbow_total_stem_oa,ET7,ELBOW,2025 Demo Elbow Wrist Supplementary Report AOANJRR.pdf,17,pdf_text,not_needed,,device,Nexel,,,,,,,,Nexel,,Osteoarthritis,,,149,25,,,,,,,,,10,,,,,blank,False,cumulative_percent_revision,"Kaplan-Meier (1-KM), percent",0.95,Primary total elbow replacement without radial replacement; humeral stems with >10 procedures,
AOANJRR,Australia,2025,to 2024-12-31,elbow_total_stem_oa,ET7,ELBOW,2025 Demo Elbow Wrist Supplementary Report AOANJRR.pdf,17,pdf_text,not_needed,,device,Nexel,,,,,,,,Nexel,,Osteoarthritis,,,149,25,,,,,,,,,15,,,,,blank,False,cumulative_percent_revision,"Kaplan-Meier (1-KM), percent",0.95,Primary total elbow replacement without radial replacement; humeral stems with >10 procedures,
AOANJRR,Australia,2025,to 2024-12-31,elbow_total_stem_oa,ET7,ELBOW,2025 Demo Elbow Wrist Supplementary Report AOANJRR.pdf,17,pdf_text,not_needed,,other,Other (5),,,,,,,,Other (5),,Osteoarthritis,,,7,3,,,,,,,,,1,28.6,8.0,74.2,,ok,False,cumulative_percent_revision,"Kaplan-Meier (1-KM), percent",0.95,Primary total elbow replacement without radial replacement; humeral stems with >10 procedures,
AOANJRR,Australia,2025,to 2024-12-31,elbow_total_stem_oa,ET7,ELBOW,2025 Demo Elbow Wrist Supplementary Report AOANJRR.pdf,17,pdf_text,not_needed,,other,Other (5),,,,,,,,Other (5),,Osteoarthritis,,,7,3,,,,,,,,,3,42.9,16.3,82.8,,ok,False,cumulative_percent_revision,"Kaplan-Meier (1-KM), percent",0.95,Primary total elbow replacement without radial replacement; humeral stems with >10 procedures,
AOANJRR,Australia,2025,to 2024-12-31,elbow_total_stem_oa,ET7,ELBOW,2025 Demo Elbow Wrist Supplementary Report AOANJRR.pdf,17,pdf_text,not_needed,,other,Other (5),,,,,,,,Other (5),,Osteoarthritis,,,7,3,,,,,,,,,5,42.9,16.3,82.8,,ok,False,cumulative_percent_revision,"Kaplan-Meier (1-KM), percent",0.95,Primary total elbow replacement without radial replacement; humeral stems with >10 procedures,
AOANJRR,Australia,2025,to 2024-12-31,elbow_total_stem_oa,ET7,ELBOW,2025 Demo Elbow Wrist Supplementary Report AOANJRR.pdf,17,pdf_text,not_needed,,other,Other (5),,,,,,,,Other (5),,Osteoarthritis,,,7,3,,,,,,,,,10,42.9,16.3,82.8,,ok,False,cumulative_percent_revision,"Kaplan-Meier (1-KM), percent",0.95,Primary total elbow replacement without radial replacement; humeral stems with >10 procedures,
AOANJRR,Australia,2025,to 2024-12-31,elbow_total_stem_oa,ET7,ELBOW,2025 Demo Elbow Wrist Supplementary Report AOANJRR.pdf,17,pdf_text,not_needed,,other,Other (5),,,,,,,,Other (5),,Osteoarthritis,,,7,3,,,,,,,,,15,,,,,blank,False,cumulative_percent_revision,"Kaplan-Meier (1-KM), percent",0.95,Primary total elbow replacement without radial replacement; humeral stems with >10 procedures,
AOANJRR,Australia,2025,to 2024-12-31,elbow_total_stem_oa,ET7,ELBOW,2025 Demo Elbow Wrist Supplementary Report AOANJRR.pdf,17,pdf_text,not_needed,,total,TOTAL,,,,,,,,TOTAL,,Osteoarthritis,,,657,126,,,,,,,,,1,,,,,blank,False,cumulative_percent_revision,"Kaplan-Meier (1-KM), percent",0.95,Primary total elbow replacement without radial replacement; humeral stems with >10 procedures,
AOANJRR,Australia,2025,to 2024-12-31,elbow_total_stem_oa,ET7,ELBOW,2025 Demo Elbow Wrist Supplementary Report AOANJRR.pdf,17,pdf_text,not_needed,,total,TOTAL,,,,,,,,TOTAL,,Osteoarthritis,,,657,126,,,,,,,,,3,,,,,blank,False,cumulative_percent_revision,"Kaplan-Meier (1-KM), percent",0.95,Primary total elbow replacement without radial replacement; humeral stems with >10 procedures,
AOANJRR,Australia,2025,to 2024-12-31,elbow_total_stem_oa,ET7,ELBOW,2025 Demo Elbow Wrist Supplementary Report AOANJRR.pdf,17,pdf_text,not_needed,,total,TOTAL,,,,,,,,TOTAL,,Osteoarthritis,,,657,126,,,,,,,,,5,,,,,blank,False,cumulative_percent_revision,"Kaplan-Meier (1-KM), percent",0.95,Primary total elbow replacement without radial replacement; humeral stems with >10 procedures,
AOANJRR,Australia,2025,to 2024-12-31,elbow_total_stem_oa,ET7,ELBOW,2025 Demo Elbow Wrist Supplementary Report AOANJRR.pdf,17,pdf_text,not_needed,,total,TOTAL,,,,,,,,TOTAL,,Osteoarthritis,,,657,126,,,,,,,,,10,,,,,blank,False,cumulative_percent_revision,"Kaplan-Meier (1-KM), percent",0.95,Primary total elbow replacement without radial replacement; humeral stems with >10 procedures,
AOANJRR,Australia,2025,to 2024-12-31,elbow_total_stem_oa,ET7,ELBOW,2025 Demo Elbow Wrist Supplementary Report AOANJRR.pdf,17,pdf_text,not_needed,,total,TOTAL,,,,,,,,TOTAL,,Osteoarthritis,,,657,126,,,,,,,,,15,,,,,blank,False,cumulative_percent_revision,"Kaplan-Meier (1-KM), percent",0.95,Primary total elbow replacement without radial replacement; humeral stems with >10 procedures,
AOANJRR,Australia,2025,to 2024-12-31,elbow_total_stem_ra,ET8,ELBOW,2025 Demo Elbow Wrist Supplementary Report AOANJRR.pdf,17,pdf_text,not_needed,,device,Coonrad/Morrey,,,,,,,,Coonrad/Morrey,,Rheumatoid Arthritis,,,188,28,,,,,,,,,1,2.7,1.1,6.3,,ok,False,cumulative_percent_revision,"Kaplan-Meier (1-KM), percent",0.95,Primary total elbow replacement without radial replacement; humeral stems with >10 procedures,
AOANJRR,Australia,2025,to 2024-12-31,elbow_total_stem_ra,ET8,ELBOW,2025 Demo Elbow Wrist Supplementary Report AOANJRR.pdf,17,pdf_text,not_needed,,device,Coonrad/Morrey,,,,,,,,Coonrad/Morrey,,Rheumatoid Arthritis,,,188,28,,,,,,,,,3,7.7,4.6,12.7,,ok,False,cumulative_percent_revision,"Kaplan-Meier (1-KM), percent",0.95,Primary total elbow replacement without radial replacement; humeral stems with >10 procedures,
AOANJRR,Australia,2025,to 2024-12-31,elbow_total_stem_ra,ET8,ELBOW,2025 Demo Elbow Wrist Supplementary Report AOANJRR.pdf,17,pdf_text,not_needed,,device,Coonrad/Morrey,,,,,,,,Coonrad/Morrey,,Rheumatoid Arthritis,,,188,28,,,,,,,,,5,11.3,7.4,17.0,,ok,False,cumulative_percent_revision,"Kaplan-Meier (1-KM), percent",0.95,Primary total elbow replacement without radial replacement; humeral stems with >10 procedures,
AOANJRR,Australia,2025,to 2024-12-31,elbow_total_stem_ra,ET8,ELBOW,2025 Demo Elbow Wrist Supplementary Report AOANJRR.pdf,17,pdf_text,not_needed,,device,Coonrad/Morrey,,,,,,,,Coonrad/Morrey,,Rheumatoid Arthritis,,,188,28,,,,,,,,,10,16.0,11.2,22.5,,ok,False,cumulative_percent_revision,"Kaplan-Meier (1-KM), percent",0.95,Primary total elbow replacement without radial replacement; humeral stems with >10 procedures,
AOANJRR,Australia,2025,to 2024-12-31,elbow_total_stem_ra,ET8,ELBOW,2025 Demo Elbow Wrist Supplementary Report AOANJRR.pdf,17,pdf_text,not_needed,,device,Coonrad/Morrey,,,,,,,,Coonrad/Morrey,,Rheumatoid Arthritis,,,188,28,,,,,,,,,15,,,,,blank,False,cumulative_percent_revision,"Kaplan-Meier (1-KM), percent",0.95,Primary total elbow replacement without radial replacement; humeral stems with >10 procedures,
AOANJRR,Australia,2025,to 2024-12-31,elbow_total_stem_ra,ET8,ELBOW,2025 Demo Elbow Wrist Supplementary Report AOANJRR.pdf,17,pdf_text,not_needed,,device,Discovery,,,,,,,,Discovery,,Rheumatoid Arthritis,,,32,6,,,,,,,,,1,6.3,1.6,22.7,,ok,False,cumulative_percent_revision,"Kaplan-Meier (1-KM), percent",0.95,Primary total elbow replacement without radial replacement; humeral stems with >10 procedures,
AOANJRR,Australia,2025,to 2024-12-31,elbow_total_stem_ra,ET8,ELBOW,2025 Demo Elbow Wrist Supplementary Report AOANJRR.pdf,17,pdf_text,not_needed,,device,Discovery,,,,,,,,Discovery,,Rheumatoid Arthritis,,,32,6,,,,,,,,,3,6.3,1.6,22.7,,ok,False,cumulative_percent_revision,"Kaplan-Meier (1-KM), percent",0.95,Primary total elbow replacement without radial replacement; humeral stems with >10 procedures,
AOANJRR,Australia,2025,to 2024-12-31,elbow_total_stem_ra,ET8,ELBOW,2025 Demo Elbow Wrist Supplementary Report AOANJRR.pdf,17,pdf_text,not_needed,,device,Discovery,,,,,,,,Discovery,,Rheumatoid Arthritis,,,32,6,,,,,,,,,5,6.3,1.6,22.7,,ok,False,cumulative_percent_revision,"Kaplan-Meier (1-KM), percent",0.95,Primary total elbow replacement without radial replacement; humeral stems with >10 procedures,
AOANJRR,Australia,2025,to 2024-12-31,elbow_total_stem_ra,ET8,ELBOW,2025 Demo Elbow Wrist Supplementary Report AOANJRR.pdf,17,pdf_text,not_needed,,device,Discovery,,,,,,,,Discovery,,Rheumatoid Arthritis,,,32,6,,,,,,,,,10,14.2,5.5,33.9,,ok,False,cumulative_percent_revision,"Kaplan-Meier (1-KM), percent",0.95,Primary total elbow replacement without radial replacement; humeral stems with >10 procedures,
AOANJRR,Australia,2025,to 2024-12-31,elbow_total_stem_ra,ET8,ELBOW,2025 Demo Elbow Wrist Supplementary Report AOANJRR.pdf,17,pdf_text,not_needed,,device,Discovery,,,,,,,,Discovery,,Rheumatoid Arthritis,,,32,6,,,,,,,,,15,,,,,blank,False,cumulative_percent_revision,"Kaplan-Meier (1-KM), percent",0.95,Primary total elbow replacement without radial replacement; humeral stems with >10 procedures,
AOANJRR,Australia,2025,to 2024-12-31,elbow_total_stem_ra,ET8,ELBOW,2025 Demo Elbow Wrist Supplementary Report AOANJRR.pdf,17,pdf_text,not_needed,,device,Latitude,,,,,,,,Latitude,,Rheumatoid Arthritis,,,149,10,,,,,,,,,1,0.7,0.1,4.7,,ok,False,cumulative_percent_revision,"Kaplan-Meier (1-KM), percent",0.95,Primary total elbow replacement without radial replacement; humeral stems with >10 procedures,
AOANJRR,Australia,2025,to 2024-12-31,elbow_total_stem_ra,ET8,ELBOW,2025 Demo Elbow Wrist Supplementary Report AOANJRR.pdf,17,pdf_text,not_needed,,device,Latitude,,,,,,,,Latitude,,Rheumatoid Arthritis,,,149,10,,,,,,,,,3,4.0,1.7,9.4,,ok,False,cumulative_percent_revision,"Kaplan-Meier (1-KM), percent",0.95,Primary total elbow replacement without radial replacement; humeral stems with >10 procedures,
AOANJRR,Australia,2025,to 2024-12-31,elbow_total_stem_ra,ET8,ELBOW,2025 Demo Elbow Wrist Supplementary Report AOANJRR.pdf,17,pdf_text,not_needed,,device,Latitude,,,,,,,,Latitude,,Rheumatoid Arthritis,,,149,10,,,,,,,,,5,5.1,2.3,11.1,,ok,False,cumulative_percent_revision,"Kaplan-Meier (1-KM), percent",0.95,Primary total elbow replacement without radial replacement; humeral stems with >10 procedures,
AOANJRR,Australia,2025,to 2024-12-31,elbow_total_stem_ra,ET8,ELBOW,2025 Demo Elbow Wrist Supplementary Report AOANJRR.pdf,17,pdf_text,not_needed,,device,Latitude,,,,,,,,Latitude,,Rheumatoid Arthritis,,,149,10,,,,,,,,,10,,,,,blank,False,cumulative_percent_revision,"Kaplan-Meier (1-KM), percent",0.95,Primary total elbow replacement without radial replacement; humeral stems with >10 procedures,
AOANJRR,Australia,2025,to 2024-12-31,elbow_total_stem_ra,ET8,ELBOW,2025 Demo Elbow Wrist Supplementary Report AOANJRR.pdf,17,pdf_text,not_needed,,device,Latitude,,,,,,,,Latitude,,Rheumatoid Arthritis,,,149,10,,,,,,,,,15,,,,,blank,False,cumulative_percent_revision,"Kaplan-Meier (1-KM), percent",0.95,Primary total elbow replacement without radial replacement; humeral stems with >10 procedures,
AOANJRR,Australia,2025,to 2024-12-31,elbow_total_stem_ra,ET8,ELBOW,2025 Demo Elbow Wrist Supplementary Report AOANJRR.pdf,17,pdf_text,not_needed,,device,Nexel,,,,,,,,Nexel,,Rheumatoid Arthritis,,,88,8,,,,,,,,,1,1.3,0.2,8.6,,ok,False,cumulative_percent_revision,"Kaplan-Meier (1-KM), percent",0.95,Primary total elbow replacement without radial replacement; humeral stems with >10 procedures,
AOANJRR,Australia,2025,to 2024-12-31,elbow_total_stem_ra,ET8,ELBOW,2025 Demo Elbow Wrist Supplementary Report AOANJRR.pdf,17,pdf_text,not_needed,,device,Nexel,,,,,,,,Nexel,,Rheumatoid Arthritis,,,88,8,,,,,,,,,3,8.2,3.7,17.3,,ok,False,cumulative_percent_revision,"Kaplan-Meier (1-KM), percent",0.95,Primary total elbow replacement without radial replacement; humeral stems with >10 procedures,
AOANJRR,Australia,2025,to 2024-12-31,elbow_total_stem_ra,ET8,ELBOW,2025 Demo Elbow Wrist Supplementary Report AOANJRR.pdf,17,pdf_text,not_needed,,device,Nexel,,,,,,,,Nexel,,Rheumatoid Arthritis,,,88,8,,,,,,,,,5,8.2,3.7,17.3,,ok,False,cumulative_percent_revision,"Kaplan-Meier (1-KM), percent",0.95,Primary total elbow replacement without radial replacement; humeral stems with >10 procedures,
AOANJRR,Australia,2025,to 2024-12-31,elbow_total_stem_ra,ET8,ELBOW,2025 Demo Elbow Wrist Supplementary Report AOANJRR.pdf,17,pdf_text,not_needed,,device,Nexel,,,,,,,,Nexel,,Rheumatoid Arthritis,,,88,8,,,,,,,,,10,,,,,blank,False,cumulative_percent_revision,"Kaplan-Meier (1-KM), percent",0.95,Primary total elbow replacement without radial replacement; humeral stems with >10 procedures,
AOANJRR,Australia,2025,to 2024-12-31,elbow_total_stem_ra,ET8,ELBOW,2025 Demo Elbow Wrist Supplementary Report AOANJRR.pdf,17,pdf_text,not_needed,,device,Nexel,,,,,,,,Nexel,,Rheumatoid Arthritis,,,88,8,,,,,,,,,15,,,,,blank,False,cumulative_percent_revision,"Kaplan-Meier (1-KM), percent",0.95,Primary total elbow replacement without radial replacement; humeral stems with >10 procedures,
AOANJRR,Australia,2025,to 2024-12-31,elbow_total_stem_ra,ET8,ELBOW,2025 Demo Elbow Wrist Supplementary Report AOANJRR.pdf,17,pdf_text,not_needed,,other,Other (1),,,,,,,,Other (1),,Rheumatoid Arthritis,,,3,1,,,,,,,,,1,0.0,0.0,0.0,,ok,False,cumulative_percent_revision,"Kaplan-Meier (1-KM), percent",0.95,Primary total elbow replacement without radial replacement; humeral stems with >10 procedures,
AOANJRR,Australia,2025,to 2024-12-31,elbow_total_stem_ra,ET8,ELBOW,2025 Demo Elbow Wrist Supplementary Report AOANJRR.pdf,17,pdf_text,not_needed,,other,Other (1),,,,,,,,Other (1),,Rheumatoid Arthritis,,,3,1,,,,,,,,,3,0.0,0.0,0.0,,ok,False,cumulative_percent_revision,"Kaplan-Meier (1-KM), percent",0.95,Primary total elbow replacement without radial replacement; humeral stems with >10 procedures,
AOANJRR,Australia,2025,to 2024-12-31,elbow_total_stem_ra,ET8,ELBOW,2025 Demo Elbow Wrist Supplementary Report AOANJRR.pdf,17,pdf_text,not_needed,,other,Other (1),,,,,,,,Other (1),,Rheumatoid Arthritis,,,3,1,,,,,,,,,5,0.0,0.0,0.0,,ok,False,cumulative_percent_revision,"Kaplan-Meier (1-KM), percent",0.95,Primary total elbow replacement without radial replacement; humeral stems with >10 procedures,
AOANJRR,Australia,2025,to 2024-12-31,elbow_total_stem_ra,ET8,ELBOW,2025 Demo Elbow Wrist Supplementary Report AOANJRR.pdf,17,pdf_text,not_needed,,other,Other (1),,,,,,,,Other (1),,Rheumatoid Arthritis,,,3,1,,,,,,,,,10,0.0,0.0,0.0,,ok,False,cumulative_percent_revision,"Kaplan-Meier (1-KM), percent",0.95,Primary total elbow replacement without radial replacement; humeral stems with >10 procedures,
AOANJRR,Australia,2025,to 2024-12-31,elbow_total_stem_ra,ET8,ELBOW,2025 Demo Elbow Wrist Supplementary Report AOANJRR.pdf,17,pdf_text,not_needed,,other,Other (1),,,,,,,,Other (1),,Rheumatoid Arthritis,,,3,1,,,,,,,,,15,,,,,blank,False,cumulative_percent_revision,"Kaplan-Meier (1-KM), percent",0.95,Primary total elbow replacement without radial replacement; humeral stems with >10 procedures,
AOANJRR,Australia,2025,to 2024-12-31,elbow_total_stem_ra,ET8,ELBOW,2025 Demo Elbow Wrist Supplementary Report AOANJRR.pdf,17,pdf_text,not_needed,,total,TOTAL,,,,,,,,TOTAL,,Rheumatoid Arthritis,,,460,53,,,,,,,,,1,,,,,blank,False,cumulative_percent_revision,"Kaplan-Meier (1-KM), percent",0.95,Primary total elbow replacement without radial replacement; humeral stems with >10 procedures,
AOANJRR,Australia,2025,to 2024-12-31,elbow_total_stem_ra,ET8,ELBOW,2025 Demo Elbow Wrist Supplementary Report AOANJRR.pdf,17,pdf_text,not_needed,,total,TOTAL,,,,,,,,TOTAL,,Rheumatoid Arthritis,,,460,53,,,,,,,,,3,,,,,blank,False,cumulative_percent_revision,"Kaplan-Meier (1-KM), percent",0.95,Primary total elbow replacement without radial replacement; humeral stems with >10 procedures,
AOANJRR,Australia,2025,to 2024-12-31,elbow_total_stem_ra,ET8,ELBOW,2025 Demo Elbow Wrist Supplementary Report AOANJRR.pdf,17,pdf_text,not_needed,,total,TOTAL,,,,,,,,TOTAL,,Rheumatoid Arthritis,,,460,53,,,,,,,,,5,,,,,blank,False,cumulative_percent_revision,"Kaplan-Meier (1-KM), percent",0.95,Primary total elbow replacement without radial replacement; humeral stems with >10 procedures,
AOANJRR,Australia,2025,to 2024-12-31,elbow_total_stem_ra,ET8,ELBOW,2025 Demo Elbow Wrist Supplementary Report AOANJRR.pdf,17,pdf_text,not_needed,,total,TOTAL,,,,,,,,TOTAL,,Rheumatoid Arthritis,,,460,53,,,,,,,,,10,,,,,blank,False,cumulative_percent_revision,"Kaplan-Meier (1-KM), percent",0.95,Primary total elbow replacement without radial replacement; humeral stems with >10 procedures,
AOANJRR,Australia,2025,to 2024-12-31,elbow_total_stem_ra,ET8,ELBOW,2025 Demo Elbow Wrist Supplementary Report AOANJRR.pdf,17,pdf_text,not_needed,,total,TOTAL,,,,,,,,TOTAL,,Rheumatoid Arthritis,,,460,53,,,,,,,,,15,,,,,blank,False,cumulative_percent_revision,"Kaplan-Meier (1-KM), percent",0.95,Primary total elbow replacement without radial replacement; humeral stems with >10 procedures,
NJR,"England, Wales, Northern Ireland, Isle of Man, Guernsey",2025,to 2024-12-31,elbow_brand,3.E8,ELBOW,NJR 22nd Annual Report 2025_Elbows.pdf,49,pdf_text,not_needed,Total elbow,device,Coonrad Morrey,,,,,,,,Coonrad Morrey,,,Total elbow,linked,2231,,,72.0,64.0,79.0,,24.0,,,1,1.67,1.21,2.31,,ok,False,cumulative_revision_km,"Kaplan-Meier (1-KM), percent",0.95,Primary elbow brands with >=100 procedures; all indications,
NJR,"England, Wales, Northern Ireland, Isle of Man, Guernsey",2025,to 2024-12-31,elbow_brand,3.E8,ELBOW,NJR 22nd Annual Report 2025_Elbows.pdf,49,pdf_text,not_needed,Total elbow,device,Coonrad Morrey,,,,,,,,Coonrad Morrey,,,Total elbow,linked,2231,,,72.0,64.0,79.0,,24.0,,,3,4.87,4.01,5.93,,ok,False,cumulative_revision_km,"Kaplan-Meier (1-KM), percent",0.95,Primary elbow brands with >=100 procedures; all indications,
NJR,"England, Wales, Northern Ireland, Isle of Man, Guernsey",2025,to 2024-12-31,elbow_brand,3.E8,ELBOW,NJR 22nd Annual Report 2025_Elbows.pdf,49,pdf_text,not_needed,Total elbow,device,Coonrad Morrey,,,,,,,,Coonrad Morrey,,,Total elbow,linked,2231,,,72.0,64.0,79.0,,24.0,,,5,6.19,5.18,7.39,,ok,False,cumulative_revision_km,"Kaplan-Meier (1-KM), percent",0.95,Primary elbow brands with >=100 procedures; all indications,
NJR,"England, Wales, Northern Ireland, Isle of Man, Guernsey",2025,to 2024-12-31,elbow_brand,3.E8,ELBOW,NJR 22nd Annual Report 2025_Elbows.pdf,49,pdf_text,not_needed,Total elbow,device,Coonrad Morrey,,,,,,,,Coonrad Morrey,,,Total elbow,linked,2231,,,72.0,64.0,79.0,,24.0,,,7,7.17,6.04,8.5,,ok,False,cumulative_revision_km,"Kaplan-Meier (1-KM), percent",0.95,Primary elbow brands with >=100 procedures; all indications,
NJR,"England, Wales, Northern Ireland, Isle of Man, Guernsey",2025,to 2024-12-31,elbow_brand,3.E8,ELBOW,NJR 22nd Annual Report 2025_Elbows.pdf,49,pdf_text,not_needed,Total elbow,device,Coonrad Morrey,,,,,,,,Coonrad Morrey,,,Total elbow,linked,2231,,,72.0,64.0,79.0,,24.0,,,10,8.75,7.36,10.38,,ok,False,cumulative_revision_km,"Kaplan-Meier (1-KM), percent",0.95,Primary elbow brands with >=100 procedures; all indications,
NJR,"England, Wales, Northern Ireland, Isle of Man, Guernsey",2025,to 2024-12-31,elbow_brand,3.E8,ELBOW,NJR 22nd Annual Report 2025_Elbows.pdf,49,pdf_text,not_needed,Total elbow,device,Coonrad Morrey,,,,,,,,Coonrad Morrey,,,Total elbow,linked,2231,,,72.0,64.0,79.0,,24.0,,,11,9.07,7.58,10.84,,ok,True,cumulative_revision_km,"Kaplan-Meier (1-KM), percent",0.95,Primary elbow brands with >=100 procedures; all indications,
NJR,"England, Wales, Northern Ireland, Isle of Man, Guernsey",2025,to 2024-12-31,elbow_brand,3.E8,ELBOW,NJR 22nd Annual Report 2025_Elbows.pdf,49,pdf_text,not_needed,Total elbow,device,Discovery,,,,,,,,Discovery,,,Total elbow,linked,1153,,,70.0,62.0,78.0,,27.0,,,1,0.89,0.48,1.66,,ok,False,cumulative_revision_km,"Kaplan-Meier (1-KM), percent",0.95,Primary elbow brands with >=100 procedures; all indications,
NJR,"England, Wales, Northern Ireland, Isle of Man, Guernsey",2025,to 2024-12-31,elbow_brand,3.E8,ELBOW,NJR 22nd Annual Report 2025_Elbows.pdf,49,pdf_text,not_needed,Total elbow,device,Discovery,,,,,,,,Discovery,,,Total elbow,linked,1153,,,70.0,62.0,78.0,,27.0,,,3,3.77,2.76,5.16,,ok,False,cumulative_revision_km,"Kaplan-Meier (1-KM), percent",0.95,Primary elbow brands with >=100 procedures; all indications,
NJR,"England, Wales, Northern Ireland, Isle of Man, Guernsey",2025,to 2024-12-31,elbow_brand,3.E8,ELBOW,NJR 22nd Annual Report 2025_Elbows.pdf,49,pdf_text,not_needed,Total elbow,device,Discovery,,,,,,,,Discovery,,,Total elbow,linked,1153,,,70.0,62.0,78.0,,27.0,,,5,7.7,6.13,9.65,,ok,False,cumulative_revision_km,"Kaplan-Meier (1-KM), percent",0.95,Primary elbow brands with >=100 procedures; all indications,
NJR,"England, Wales, Northern Ireland, Isle of Man, Guernsey",2025,to 2024-12-31,elbow_brand,3.E8,ELBOW,NJR 22nd Annual Report 2025_Elbows.pdf,49,pdf_text,not_needed,Total elbow,device,Discovery,,,,,,,,Discovery,,,Total elbow,linked,1153,,,70.0,62.0,78.0,,27.0,,,7,9.8,7.94,12.07,,ok,False,cumulative_revision_km,"Kaplan-Meier (1-KM), percent",0.95,Primary elbow brands with >=100 procedures; all indications,
NJR,"England, Wales, Northern Ireland, Isle of Man, Guernsey",2025,to 2024-12-31,elbow_brand,3.E8,ELBOW,NJR 22nd Annual Report 2025_Elbows.pdf,49,pdf_text,not_needed,Total elbow,device,Discovery,,,,,,,,Discovery,,,Total elbow,linked,1153,,,70.0,62.0,78.0,,27.0,,,10,14.3,11.62,17.53,,ok,True,cumulative_revision_km,"Kaplan-Meier (1-KM), percent",0.95,Primary elbow brands with >=100 procedures; all indications,
NJR,"England, Wales, Northern Ireland, Isle of Man, Guernsey",2025,to 2024-12-31,elbow_brand,3.E8,ELBOW,NJR 22nd Annual Report 2025_Elbows.pdf,49,pdf_text,not_needed,Total elbow,device,Discovery,,,,,,,,Discovery,,,Total elbow,linked,1153,,,70.0,62.0,78.0,,27.0,,,11,15.89,12.79,19.64,,ok,True,cumulative_revision_km,"Kaplan-Meier (1-KM), percent",0.95,Primary elbow brands with >=100 procedures; all indications,
NJR,"England, Wales, Northern Ireland, Isle of Man, Guernsey",2025,to 2024-12-31,elbow_brand,3.E8,ELBOW,NJR 22nd Annual Report 2025_Elbows.pdf,49,pdf_text,not_needed,Total elbow,device,Latitude EV Stem,,,,,,,,Latitude EV Stem,,,Total elbow,linked,215,,,71.0,63.0,78.0,,21.0,,,1,1.42,0.46,4.32,,ok,True,cumulative_revision_km,"Kaplan-Meier (1-KM), percent",0.95,Primary elbow brands with >=100 procedures; all indications,
NJR,"England, Wales, Northern Ireland, Isle of Man, Guernsey",2025,to 2024-12-31,elbow_brand,3.E8,ELBOW,NJR 22nd Annual Report 2025_Elbows.pdf,49,pdf_text,not_needed,Total elbow,device,Latitude EV Stem,,,,,,,,Latitude EV Stem,,,Total elbow,linked,215,,,71.0,63.0,78.0,,21.0,,,3,2.94,1.33,6.43,,ok,True,cumulative_revision_km,"Kaplan-Meier (1-KM), percent",0.95,Primary elbow brands with >=100 procedures; all indications,
NJR,"England, Wales, Northern Ireland, Isle of Man, Guernsey",2025,to 2024-12-31,elbow_brand,3.E8,ELBOW,NJR 22nd Annual Report 2025_Elbows.pdf,49,pdf_text,not_needed,Total elbow,device,Latitude EV Stem,,,,,,,,Latitude EV Stem,,,Total elbow,linked,215,,,71.0,63.0,78.0,,21.0,,,5,5.97,3.33,10.58,,ok,True,cumulative_revision_km,"Kaplan-Meier (1-KM), percent",0.95,Primary elbow brands with >=100 procedures; all indications,
NJR,"England, Wales, Northern Ireland, Isle of Man, Guernsey",2025,to 2024-12-31,elbow_brand,3.E8,ELBOW,NJR 22nd Annual Report 2025_Elbows.pdf,49,pdf_text,not_needed,Total elbow,device,Latitude EV Stem,,,,,,,,Latitude EV Stem,,,Total elbow,linked,215,,,71.0,63.0,78.0,,21.0,,,7,8.15,4.65,14.09,,ok,True,cumulative_revision_km,"Kaplan-Meier (1-KM), percent",0.95,Primary elbow brands with >=100 procedures; all indications,
NJR,"England, Wales, Northern Ireland, Isle of Man, Guernsey",2025,to 2024-12-31,elbow_brand,3.E8,ELBOW,NJR 22nd Annual Report 2025_Elbows.pdf,49,pdf_text,not_needed,Total elbow,device,Latitude EV Stem,,,,,,,,Latitude EV Stem,,,Total elbow,linked,215,,,71.0,63.0,78.0,,21.0,,,10,,,,,blank,False,cumulative_revision_km,"Kaplan-Meier (1-KM), percent",0.95,Primary elbow brands with >=100 procedures; all indications,
NJR,"England, Wales, Northern Ireland, Isle of Man, Guernsey",2025,to 2024-12-31,elbow_brand,3.E8,ELBOW,NJR 22nd Annual Report 2025_Elbows.pdf,49,pdf_text,not_needed,Total elbow,device,Latitude EV Stem,,,,,,,,Latitude EV Stem,,,Total elbow,linked,215,,,71.0,63.0,78.0,,21.0,,,11,,,,,blank,False,cumulative_revision_km,"Kaplan-Meier (1-KM), percent",0.95,Primary elbow brands with >=100 procedures; all indications,
NJR,"England, Wales, Northern Ireland, Isle of Man, Guernsey",2025,to 2024-12-31,elbow_brand,3.E8,ELBOW,NJR 22nd Annual Report 2025_Elbows.pdf,49,pdf_text,not_needed,Total elbow,device,Latitude / Latitude EV Stem,,,,,,,,Latitude,Latitude EV Stem,,Total elbow,linked,240,,,74.0,65.5,79.0,,24.0,,,1,2.35,0.88,6.18,,ok,True,cumulative_revision_km,"Kaplan-Meier (1-KM), percent",0.95,Primary elbow brands with >=100 procedures; all indications,
NJR,"England, Wales, Northern Ireland, Isle of Man, Guernsey",2025,to 2024-12-31,elbow_brand,3.E8,ELBOW,NJR 22nd Annual Report 2025_Elbows.pdf,49,pdf_text,not_needed,Total elbow,device,Latitude / Latitude EV Stem,,,,,,,,Latitude,Latitude EV Stem,,Total elbow,linked,240,,,74.0,65.5,79.0,,24.0,,,3,10.58,5.41,20.15,,ok,True,cumulative_revision_km,"Kaplan-Meier (1-KM), percent",0.95,Primary elbow brands with >=100 procedures; all indications,
NJR,"England, Wales, Northern Ireland, Isle of Man, Guernsey",2025,to 2024-12-31,elbow_brand,3.E8,ELBOW,NJR 22nd Annual Report 2025_Elbows.pdf,49,pdf_text,not_needed,Total elbow,device,Latitude / Latitude EV Stem,,,,,,,,Latitude,Latitude EV Stem,,Total elbow,linked,240,,,74.0,65.5,79.0,,24.0,,,5,,,,,blank,False,cumulative_revision_km,"Kaplan-Meier (1-KM), percent",0.95,Primary elbow brands with >=100 procedures; all indications,
NJR,"England, Wales, Northern Ireland, Isle of Man, Guernsey",2025,to 2024-12-31,elbow_brand,3.E8,ELBOW,NJR 22nd Annual Report 2025_Elbows.pdf,49,pdf_text,not_needed,Total elbow,device,Latitude / Latitude EV Stem,,,,,,,,Latitude,Latitude EV Stem,,Total elbow,linked,240,,,74.0,65.5,79.0,,24.0,,,7,,,,,blank,False,cumulative_revision_km,"Kaplan-Meier (1-KM), percent",0.95,Primary elbow brands with >=100 procedures; all indications,
NJR,"England, Wales, Northern Ireland, Isle of Man, Guernsey",2025,to 2024-12-31,elbow_brand,3.E8,ELBOW,NJR 22nd Annual Report 2025_Elbows.pdf,49,pdf_text,not_needed,Total elbow,device,Latitude / Latitude EV Stem,,,,,,,,Latitude,Latitude EV Stem,,Total elbow,linked,240,,,74.0,65.5,79.0,,24.0,,,10,,,,,blank,False,cumulative_revision_km,"Kaplan-Meier (1-KM), percent",0.95,Primary elbow brands with >=100 procedures; all indications,
NJR,"England, Wales, Northern Ireland, Isle of Man, Guernsey",2025,to 2024-12-31,elbow_brand,3.E8,ELBOW,NJR 22nd Annual Report 2025_Elbows.pdf,49,pdf_text,not_needed,Total elbow,device,Latitude / Latitude EV Stem,,,,,,,,Latitude,Latitude EV Stem,,Total elbow,linked,240,,,74.0,65.5,79.0,,24.0,,,11,,,,,blank,False,cumulative_revision_km,"Kaplan-Meier (1-KM), percent",0.95,Primary elbow brands with >=100 procedures; all indications,
NJR,"England, Wales, Northern Ireland, Isle of Man, Guernsey",2025,to 2024-12-31,elbow_brand,3.E8,ELBOW,NJR 22nd Annual Report 2025_Elbows.pdf,49,pdf_text,not_needed,Total elbow,device,Nexel,,,,,,,,Nexel,,,Total elbow,linked,460,,,72.0,64.0,79.0,,28.0,,,1,1.86,0.93,3.69,,ok,False,cumulative_revision_km,"Kaplan-Meier (1-KM), percent",0.95,Primary elbow brands with >=100 procedures; all indications,
NJR,"England, Wales, Northern Ireland, Isle of Man, Guernsey",2025,to 2024-12-31,elbow_brand,3.E8,ELBOW,NJR 22nd Annual Report 2025_Elbows.pdf,49,pdf_text,not_needed,Total elbow,device,Nexel,,,,,,,,Nexel,,,Total elbow,linked,460,,,72.0,64.0,79.0,,28.0,,,3,3.88,2.35,6.38,,ok,False,cumulative_revision_km,"Kaplan-Meier (1-KM), percent",0.95,Primary elbow brands with >=100 procedures; all indications,
NJR,"England, Wales, Northern Ireland, Isle of Man, Guernsey",2025,to 2024-12-31,elbow_brand,3.E8,ELBOW,NJR 22nd Annual Report 2025_Elbows.pdf,49,pdf_text,not_needed,Total elbow,device,Nexel,,,,,,,,Nexel,,,Total elbow,linked,460,,,72.0,64.0,79.0,,28.0,,,5,5.2,3.25,8.27,,ok,True,cumulative_revision_km,"Kaplan-Meier (1-KM), percent",0.95,Primary elbow brands with >=100 procedures; all indications,
NJR,"England, Wales, Northern Ireland, Isle of Man, Guernsey",2025,to 2024-12-31,elbow_brand,3.E8,ELBOW,NJR 22nd Annual Report 2025_Elbows.pdf,49,pdf_text,not_needed,Total elbow,device,Nexel,,,,,,,,Nexel,,,Total elbow,linked,460,,,72.0,64.0,79.0,,28.0,,,7,7.49,4.65,11.95,,ok,True,cumulative_revision_km,"Kaplan-Meier (1-KM), percent",0.95,Primary elbow brands with >=100 procedures; all indications,
NJR,"England, Wales, Northern Ireland, Isle of Man, Guernsey",2025,to 2024-12-31,elbow_brand,3.E8,ELBOW,NJR 22nd Annual Report 2025_Elbows.pdf,49,pdf_text,not_needed,Total elbow,device,Nexel,,,,,,,,Nexel,,,Total elbow,linked,460,,,72.0,64.0,79.0,,28.0,,,10,,,,,blank,False,cumulative_revision_km,"Kaplan-Meier (1-KM), percent",0.95,Primary elbow brands with >=100 procedures; all indications,
NJR,"England, Wales, Northern Ireland, Isle of Man, Guernsey",2025,to 2024-12-31,elbow_brand,3.E8,ELBOW,NJR 22nd Annual Report 2025_Elbows.pdf,49,pdf_text,not_needed,Total elbow,device,Nexel,,,,,,,,Nexel,,,Total elbow,linked,460,,,72.0,64.0,79.0,,28.0,,,11,,,,,blank,False,cumulative_revision_km,"Kaplan-Meier (1-KM), percent",0.95,Primary elbow brands with >=100 procedures; all indications,
NJR,"England, Wales, Northern Ireland, Isle of Man, Guernsey",2025,to 2024-12-31,elbow_brand,3.E8,ELBOW,NJR 22nd Annual Report 2025_Elbows.pdf,49,pdf_text,not_needed,Radial head,device,Anatomic,,,,,,,,Anatomic,,,Radial head,,2868,,,54.0,42.0,64.0,,42.0,,,1,1.05,0.73,1.51,,ok,False,cumulative_revision_km,"Kaplan-Meier (1-KM), percent",0.95,Primary elbow brands with >=100 procedures; all indications,
NJR,"England, Wales, Northern Ireland, Isle of Man, Guernsey",2025,to 2024-12-31,elbow_brand,3.E8,ELBOW,NJR 22nd Annual Report 2025_Elbows.pdf,49,pdf_text,not_needed,Radial head,device,Anatomic,,,,,,,,Anatomic,,,Radial head,,2868,,,54.0,42.0,64.0,,42.0,,,3,2.03,1.55,2.66,,ok,False,cumulative_revision_km,"Kaplan-Meier (1-KM), percent",0.95,Primary elbow brands with >=100 procedures; all indications,
NJR,"England, Wales, Northern Ireland, Isle of Man, Guernsey",2025,to 2024-12-31,elbow_brand,3.E8,ELBOW,NJR 22nd Annual Report 2025_Elbows.pdf,49,pdf_text,not_needed,Radial head,device,Anatomic,,,,,,,,Anatomic,,,Radial head,,2868,,,54.0,42.0,64.0,,42.0,,,5,2.03,1.55,2.66,,ok,False,cumulative_revision_km,"Kaplan-Meier (1-KM), percent",0.95,Primary elbow brands with >=100 procedures; all indications,
NJR,"England, Wales, Northern Ireland, Isle of Man, Guernsey",2025,to 2024-12-31,elbow_brand,3.E8,ELBOW,NJR 22nd Annual Report 2025_Elbows.pdf,49,pdf_text,not_needed,Radial head,device,Anatomic,,,,,,,,Anatomic,,,Radial head,,2868,,,54.0,42.0,64.0,,42.0,,,7,2.42,1.83,3.19,,ok,False,cumulative_revision_km,"Kaplan-Meier (1-KM), percent",0.95,Primary elbow brands with >=100 procedures; all indications,
NJR,"England, Wales, Northern Ireland, Isle of Man, Guernsey",2025,to 2024-12-31,elbow_brand,3.E8,ELBOW,NJR 22nd Annual Report 2025_Elbows.pdf,49,pdf_text,not_needed,Radial head,device,Anatomic,,,,,,,,Anatomic,,,Radial head,,2868,,,54.0,42.0,64.0,,42.0,,,10,2.42,1.83,3.19,,ok,False,cumulative_revision_km,"Kaplan-Meier (1-KM), percent",0.95,Primary elbow brands with >=100 procedures; all indications,
NJR,"England, Wales, Northern Ireland, Isle of Man, Guernsey",2025,to 2024-12-31,elbow_brand,3.E8,ELBOW,NJR 22nd Annual Report 2025_Elbows.pdf,49,pdf_text,not_needed,Radial head,device,Anatomic,,,,,,,,Anatomic,,,Radial head,,2868,,,54.0,42.0,64.0,,42.0,,,11,2.42,1.83,3.19,,ok,True,cumulative_revision_km,"Kaplan-Meier (1-KM), percent",0.95,Primary elbow brands with >=100 procedures; all indications,
NJR,"England, Wales, Northern Ireland, Isle of Man, Guernsey",2025,to 2024-12-31,elbow_brand,3.E8,ELBOW,NJR 22nd Annual Report 2025_Elbows.pdf,49,pdf_text,not_needed,Radial head,device,Ascension,,,,,,,,Ascension,,,Radial head,,192,,,53.0,40.0,65.0,,44.0,,,1,1.05,0.26,4.12,,ok,True,cumulative_revision_km,"Kaplan-Meier (1-KM), percent",0.95,Primary elbow brands with >=100 procedures; all indications,
NJR,"England, Wales, Northern Ireland, Isle of Man, Guernsey",2025,to 2024-12-31,elbow_brand,3.E8,ELBOW,NJR 22nd Annual Report 2025_Elbows.pdf,49,pdf_text,not_needed,Radial head,device,Ascension,,,,,,,,Ascension,,,Radial head,,192,,,53.0,40.0,65.0,,44.0,,,3,2.65,1.11,6.24,,ok,True,cumulative_revision_km,"Kaplan-Meier (1-KM), percent",0.95,Primary elbow brands with >=100 procedures; all indications,
NJR,"England, Wales, Northern Ireland, Isle of Man, Guernsey",2025,to 2024-12-31,elbow_brand,3.E8,ELBOW,NJR 22nd Annual Report 2025_Elbows.pdf,49,pdf_text,not_needed,Radial head,device,Ascension,,,,,,,,Ascension,,,Radial head,,192,,,53.0,40.0,65.0,,44.0,,,5,4.44,2.24,8.71,,ok,True,cumulative_revision_km,"Kaplan-Meier (1-KM), percent",0.95,Primary elbow brands with >=100 procedures; all indications,
NJR,"England, Wales, Northern Ireland, Isle of Man, Guernsey",2025,to 2024-12-31,elbow_brand,3.E8,ELBOW,NJR 22nd Annual Report 2025_Elbows.pdf,49,pdf_text,not_needed,Radial head,device,Ascension,,,,,,,,Ascension,,,Radial head,,192,,,53.0,40.0,65.0,,44.0,,,7,5.24,2.74,9.9,,ok,True,cumulative_revision_km,"Kaplan-Meier (1-KM), percent",0.95,Primary elbow brands with >=100 procedures; all indications,
NJR,"England, Wales, Northern Ireland, Isle of Man, Guernsey",2025,to 2024-12-31,elbow_brand,3.E8,ELBOW,NJR 22nd Annual Report 2025_Elbows.pdf,49,pdf_text,not_needed,Radial head,device,Ascension,,,,,,,,Ascension,,,Radial head,,192,,,53.0,40.0,65.0,,44.0,,,10,5.24,2.74,9.9,,ok,True,cumulative_revision_km,"Kaplan-Meier (1-KM), percent",0.95,Primary elbow brands with >=100 procedures; all indications,
NJR,"England, Wales, Northern Ireland, Isle of Man, Guernsey",2025,to 2024-12-31,elbow_brand,3.E8,ELBOW,NJR 22nd Annual Report 2025_Elbows.pdf,49,pdf_text,not_needed,Radial head,device,Ascension,,,,,,,,Ascension,,,Radial head,,192,,,53.0,40.0,65.0,,44.0,,,11,5.24,2.74,9.9,,ok,True,cumulative_revision_km,"Kaplan-Meier (1-KM), percent",0.95,Primary elbow brands with >=100 procedures; all indications,
NJR,"England, Wales, Northern Ireland, Isle of Man, Guernsey",2025,to 2024-12-31,elbow_brand,3.E8,ELBOW,NJR 22nd Annual Report 2025_Elbows.pdf,49,pdf_text,not_needed,Radial head,device,Corin,,,,,,,,Corin,,,Radial head,,118,,,54.0,46.0,63.0,,42.0,,,1,0.85,0.12,5.86,,ok,True,cumulative_revision_km,"Kaplan-Meier (1-KM), percent",0.95,Primary elbow brands with >=100 procedures; all indications,
NJR,"England, Wales, Northern Ireland, Isle of Man, Guernsey",2025,to 2024-12-31,elbow_brand,3.E8,ELBOW,NJR 22nd Annual Report 2025_Elbows.pdf,49,pdf_text,not_needed,Radial head,device,Corin,,,,,,,,Corin,,,Radial head,,118,,,54.0,46.0,63.0,,42.0,,,3,0.85,0.12,5.86,,ok,True,cumulative_revision_km,"Kaplan-Meier (1-KM), percent",0.95,Primary elbow brands with >=100 procedures; all indications,
NJR,"England, Wales, Northern Ireland, Isle of Man, Guernsey",2025,to 2024-12-31,elbow_brand,3.E8,ELBOW,NJR 22nd Annual Report 2025_Elbows.pdf,49,pdf_text,not_needed,Radial head,device,Corin,,,,,,,,Corin,,,Radial head,,118,,,54.0,46.0,63.0,,42.0,,,5,0.85,0.12,5.86,,ok,True,cumulative_revision_km,"Kaplan-Meier (1-KM), percent",0.95,Primary elbow brands with >=100 procedures; all indications,
NJR,"England, Wales, Northern Ireland, Isle of Man, Guernsey",2025,to 2024-12-31,elbow_brand,3.E8,ELBOW,NJR 22nd Annual Report 2025_Elbows.pdf,49,pdf_text,not_needed,Radial head,device,Corin,,,,,,,,Corin,,,Radial head,,118,,,54.0,46.0,63.0,,42.0,,,7,0.85,0.12,5.86,,ok,True,cumulative_revision_km,"Kaplan-Meier (1-KM), percent",0.95,Primary elbow brands with >=100 procedures; all indications,
NJR,"England, Wales, Northern Ireland, Isle of Man, Guernsey",2025,to 2024-12-31,elbow_brand,3.E8,ELBOW,NJR 22nd Annual Report 2025_Elbows.pdf,49,pdf_text,not_needed,Radial head,device,Corin,,,,,,,,Corin,,,Radial head,,118,,,54.0,46.0,63.0,,42.0,,,10,0.85,0.12,5.86,,ok,True,cumulative_revision_km,"Kaplan-Meier (1-KM), percent",0.95,Primary elbow brands with >=100 procedures; all indications,
NJR,"England, Wales, Northern Ireland, Isle of Man, Guernsey",2025,to 2024-12-31,elbow_brand,3.E8,ELBOW,NJR 22nd Annual Report 2025_Elbows.pdf,49,pdf_text,not_needed,Radial head,device,Corin,,,,,,,,Corin,,,Radial head,,118,,,54.0,46.0,63.0,,42.0,,,11,0.85,0.12,5.86,,ok,True,cumulative_revision_km,"Kaplan-Meier (1-KM), percent",0.95,Primary elbow brands with >=100 procedures; all indications,
NJR,"England, Wales, Northern Ireland, Isle of Man, Guernsey",2025,to 2024-12-31,elbow_brand,3.E8,ELBOW,NJR 22nd Annual Report 2025_Elbows.pdf,49,pdf_text,not_needed,Radial head,device,Evolve Proline,,,,,,,,Evolve Proline,,,Radial head,,1031,,,55.0,42.0,64.0,,45.0,,,1,0.7,0.33,1.47,,ok,False,cumulative_revision_km,"Kaplan-Meier (1-KM), percent",0.95,Primary elbow brands with >=100 procedures; all indications,
NJR,"England, Wales, Northern Ireland, Isle of Man, Guernsey",2025,to 2024-12-31,elbow_brand,3.E8,ELBOW,NJR 22nd Annual Report 2025_Elbows.pdf,49,pdf_text,not_needed,Radial head,device,Evolve Proline,,,,,,,,Evolve Proline,,,Radial head,,1031,,,55.0,42.0,64.0,,45.0,,,3,0.82,0.41,1.64,,ok,False,cumulative_revision_km,"Kaplan-Meier (1-KM), percent",0.95,Primary elbow brands with >=100 procedures; all indications,
NJR,"England, Wales, Northern Ireland, Isle of Man, Guernsey",2025,to 2024-12-31,elbow_brand,3.E8,ELBOW,NJR 22nd Annual Report 2025_Elbows.pdf,49,pdf_text,not_needed,Radial head,device,Evolve Proline,,,,,,,,Evolve Proline,,,Radial head,,1031,,,55.0,42.0,64.0,,45.0,,,5,1.04,0.52,2.05,,ok,False,cumulative_revision_km,"Kaplan-Meier (1-KM), percent",0.95,Primary elbow brands with >=100 procedures; all indications,
NJR,"England, Wales, Northern Ireland, Isle of Man, Guernsey",2025,to 2024-12-31,elbow_brand,3.E8,ELBOW,NJR 22nd Annual Report 2025_Elbows.pdf,49,pdf_text,not_needed,Radial head,device,Evolve Proline,,,,,,,,Evolve Proline,,,Radial head,,1031,,,55.0,42.0,64.0,,45.0,,,7,1.68,0.85,3.28,,ok,True,cumulative_revision_km,"Kaplan-Meier (1-KM), percent",0.95,Primary elbow brands with >=100 procedures; all indications,
NJR,"England, Wales, Northern Ireland, Isle of Man, Guernsey",2025,to 2024-12-31,elbow_brand,3.E8,ELBOW,NJR 22nd Annual Report 2025_Elbows.pdf,49,pdf_text,not_needed,Radial head,device,Evolve Proline,,,,,,,,Evolve Proline,,,Radial head,,1031,,,55.0,42.0,64.0,,45.0,,,10,2.8,1.41,5.55,,ok,True,cumulative_revision_km,"Kaplan-Meier (1-KM), percent",0.95,Primary elbow brands with >=100 procedures; all indications,
NJR,"England, Wales, Northern Ireland, Isle of Man, Guernsey",2025,to 2024-12-31,elbow_brand,3.E8,ELBOW,NJR 22nd Annual Report 2025_Elbows.pdf,49,pdf_text,not_needed,Radial head,device,Evolve Proline,,,,,,,,Evolve Proline,,,Radial head,,1031,,,55.0,42.0,64.0,,45.0,,,11,2.8,1.41,5.55,,ok,True,cumulative_revision_km,"Kaplan-Meier (1-KM), percent",0.95,Primary elbow brands with >=100 procedures; all indications,
NJR,"England, Wales, Northern Ireland, Isle of Man, Guernsey",2025,to 2024-12-31,elbow_brand,3.E8,ELBOW,NJR 22nd Annual Report 2025_Elbows.pdf,49,pdf_text,not_needed,Radial head,device,ExploR,,,,,,,,ExploR,,,Radial head,,281,,,52.0,41.0,63.0,,44.0,,,1,2.23,1.01,4.89,,ok,False,cumulative_revision_km,"Kaplan-Meier (1-KM), percent",0.95,Primary elbow brands with >=100 procedures; all indications,
NJR,"England, Wales, Northern Ireland, Isle of Man, Guernsey",2025,to 2024-12-31,elbow_brand,3.E8,ELBOW,NJR 22nd Annual Report 2025_Elbows.pdf,49,pdf_text,not_needed,Radial head,device,ExploR,,,,,,,,ExploR,,,Radial head,,281,,,52.0,41.0,63.0,,44.0,,,3,3.46,1.81,6.55,,ok,True,cumulative_revision_km,"Kaplan-Meier (1-KM), percent",0.95,Primary elbow brands with >=100 procedures; all indications,
NJR,"England, Wales, Northern Ireland, Isle of Man, Guernsey",2025,to 2024-12-31,elbow_brand,3.E8,ELBOW,NJR 22nd Annual Report 2025_Elbows.pdf,49,pdf_text,not_needed,Radial head,device,ExploR,,,,,,,,ExploR,,,Radial head,,281,,,52.0,41.0,63.0,,44.0,,,5,4.49,2.5,8.02,,ok,True,cumulative_revision_km,"Kaplan-Meier (1-KM), percent",0.95,Primary elbow brands with >=100 procedures; all indications,
NJR,"England, Wales, Northern Ireland, Isle of Man, Guernsey",2025,to 2024-12-31,elbow_brand,3.E8,ELBOW,NJR 22nd Annual Report 2025_Elbows.pdf,49,pdf_text,not_needed,Radial head,device,ExploR,,,,,,,,ExploR,,,Radial head,,281,,,52.0,41.0,63.0,,44.0,,,7,4.49,2.5,8.02,,ok,True,cumulative_revision_km,"Kaplan-Meier (1-KM), percent",0.95,Primary elbow brands with >=100 procedures; all indications,
NJR,"England, Wales, Northern Ireland, Isle of Man, Guernsey",2025,to 2024-12-31,elbow_brand,3.E8,ELBOW,NJR 22nd Annual Report 2025_Elbows.pdf,49,pdf_text,not_needed,Radial head,device,ExploR,,,,,,,,ExploR,,,Radial head,,281,,,52.0,41.0,63.0,,44.0,,,10,4.49,2.5,8.02,,ok,True,cumulative_revision_km,"Kaplan-Meier (1-KM), percent",0.95,Primary elbow brands with >=100 procedures; all indications,
NJR,"England, Wales, Northern Ireland, Isle of Man, Guernsey",2025,to 2024-12-31,elbow_brand,3.E8,ELBOW,NJR 22nd Annual Report 2025_Elbows.pdf,49,pdf_text,not_needed,Radial head,device,ExploR,,,,,,,,ExploR,,,Radial head,,281,,,52.0,41.0,63.0,,44.0,,,11,4.49,2.5,8.02,,ok,True,cumulative_revision_km,"Kaplan-Meier (1-KM), percent",0.95,Primary elbow brands with >=100 procedures; all indications,
NJR,"England, Wales, Northern Ireland, Isle of Man, Guernsey",2025,to 2024-12-31,elbow_brand,3.E8,ELBOW,NJR 22nd Annual Report 2025_Elbows.pdf,49,pdf_text,not_needed,Distal humeral hemiarthroplasty,device,Latitude EV Stem,,,,,,,,Latitude EV Stem,,,Distal humeral hemiarthroplasty,,279,,,72.0,65.0,80.0,,19.0,,,1,2.89,1.46,5.7,,ok,False,cumulative_revision_km,"Kaplan-Meier (1-KM), percent",0.95,Primary elbow brands with >=100 procedures; all indications,
NJR,"England, Wales, Northern Ireland, Isle of Man, Guernsey",2025,to 2024-12-31,elbow_brand,3.E8,ELBOW,NJR 22nd Annual Report 2025_Elbows.pdf,49,pdf_text,not_needed,Distal humeral hemiarthroplasty,device,Latitude EV Stem,,,,,,,,Latitude EV Stem,,,Distal humeral hemiarthroplasty,,279,,,72.0,65.0,80.0,,19.0,,,3,4.78,2.8,8.09,,ok,True,cumulative_revision_km,"Kaplan-Meier (1-KM), percent",0.95,Primary elbow brands with >=100 procedures; all indications,
NJR,"England, Wales, Northern Ireland, Isle of Man, Guernsey",2025,to 2024-12-31,elbow_brand,3.E8,ELBOW,NJR 22nd Annual Report 2025_Elbows.pdf,49,pdf_text,not_needed,Distal humeral hemiarthroplasty,device,Latitude EV Stem,,,,,,,,Latitude EV Stem,,,Distal humeral hemiarthroplasty,,279,,,72.0,65.0,80.0,,19.0,,,5,6.23,3.84,10.03,,ok,True,cumulative_revision_km,"Kaplan-Meier (1-KM), percent",0.95,Primary elbow brands with >=100 procedures; all indications,
NJR,"England, Wales, Northern Ireland, Isle of Man, Guernsey",2025,to 2024-12-31,elbow_brand,3.E8,ELBOW,NJR 22nd Annual Report 2025_Elbows.pdf,49,pdf_text,not_needed,Distal humeral hemiarthroplasty,device,Latitude EV Stem,,,,,,,,Latitude EV Stem,,,Distal humeral hemiarthroplasty,,279,,,72.0,65.0,80.0,,19.0,,,7,,,,,blank,False,cumulative_revision_km,"Kaplan-Meier (1-KM), percent",0.95,Primary elbow brands with >=100 procedures; all indications,
NJR,"England, Wales, Northern Ireland, Isle of Man, Guernsey",2025,to 2024-12-31,elbow_brand,3.E8,ELBOW,NJR 22nd Annual Report 2025_Elbows.pdf,49,pdf_text,not_needed,Distal humeral hemiarthroplasty,device,Latitude EV Stem,,,,,,,,Latitude EV Stem,,,Distal humeral hemiarthroplasty,,279,,,72.0,65.0,80.0,,19.0,,,10,,,,,blank,False,cumulative_revision_km,"Kaplan-Meier (1-KM), percent",0.95,Primary elbow brands with >=100 procedures; all indications,
NJR,"England, Wales, Northern Ireland, Isle of Man, Guernsey",2025,to 2024-12-31,elbow_brand,3.E8,ELBOW,NJR 22nd Annual Report 2025_Elbows.pdf,49,pdf_text,not_needed,Distal humeral hemiarthroplasty,device,Latitude EV Stem,,,,,,,,Latitude EV Stem,,,Distal humeral hemiarthroplasty,,279,,,72.0,65.0,80.0,,19.0,,,11,,,,,blank,False,cumulative_revision_km,"Kaplan-Meier (1-KM), percent",0.95,Primary elbow brands with >=100 procedures; all indications,
NJR,"England, Wales, Northern Ireland, Isle of Man, Guernsey",2025,to 2024-12-31,elbow_brand,3.E8,ELBOW,NJR 22nd Annual Report 2025_Elbows.pdf,49,pdf_text,not_needed,Distal humeral hemiarthroplasty,device,Latitude,,,,,,,,Latitude,,,Distal humeral hemiarthroplasty,,400,,,71.0,63.0,77.0,,17.0,,,1,2.81,1.51,5.2,,ok,True,cumulative_revision_km,"Kaplan-Meier (1-KM), percent",0.95,Primary elbow brands with >=100 procedures; all indications,
NJR,"England, Wales, Northern Ireland, Isle of Man, Guernsey",2025,to 2024-12-31,elbow_brand,3.E8,ELBOW,NJR 22nd Annual Report 2025_Elbows.pdf,49,pdf_text,not_needed,Distal humeral hemiarthroplasty,device,Latitude,,,,,,,,Latitude,,,Distal humeral hemiarthroplasty,,400,,,71.0,63.0,77.0,,17.0,,,3,2.81,1.51,5.2,,ok,True,cumulative_revision_km,"Kaplan-Meier (1-KM), percent",0.95,Primary elbow brands with >=100 procedures; all indications,
NJR,"England, Wales, Northern Ireland, Isle of Man, Guernsey",2025,to 2024-12-31,elbow_brand,3.E8,ELBOW,NJR 22nd Annual Report 2025_Elbows.pdf,49,pdf_text,not_needed,Distal humeral hemiarthroplasty,device,Latitude,,,,,,,,Latitude,,,Distal humeral hemiarthroplasty,,400,,,71.0,63.0,77.0,,17.0,,,5,,,,,blank,False,cumulative_revision_km,"Kaplan-Meier (1-KM), percent",0.95,Primary elbow brands with >=100 procedures; all indications,
NJR,"England, Wales, Northern Ireland, Isle of Man, Guernsey",2025,to 2024-12-31,elbow_brand,3.E8,ELBOW,NJR 22nd Annual Report 2025_Elbows.pdf,49,pdf_text,not_needed,Distal humeral hemiarthroplasty,device,Latitude,,,,,,,,Latitude,,,Distal humeral hemiarthroplasty,,400,,,71.0,63.0,77.0,,17.0,,,7,,,,,blank,False,cumulative_revision_km,"Kaplan-Meier (1-KM), percent",0.95,Primary elbow brands with >=100 procedures; all indications,
NJR,"England, Wales, Northern Ireland, Isle of Man, Guernsey",2025,to 2024-12-31,elbow_brand,3.E8,ELBOW,NJR 22nd Annual Report 2025_Elbows.pdf,49,pdf_text,not_needed,Distal humeral hemiarthroplasty,device,Latitude,,,,,,,,Latitude,,,Distal humeral hemiarthroplasty,,400,,,71.0,63.0,77.0,,17.0,,,10,,,,,blank,False,cumulative_revision_km,"Kaplan-Meier (1-KM), percent",0.95,Primary elbow brands with >=100 procedures; all indications,
NJR,"England, Wales, Northern Ireland, Isle of Man, Guernsey",2025,to 2024-12-31,elbow_brand,3.E8,ELBOW,NJR 22nd Annual Report 2025_Elbows.pdf,49,pdf_text,not_needed,Distal humeral hemiarthroplasty,device,Latitude,,,,,,,,Latitude,,,Distal humeral hemiarthroplasty,,400,,,71.0,63.0,77.0,,17.0,,,11,,,,,blank,False,cumulative_revision_km,"Kaplan-Meier (1-KM), percent",0.95,Primary elbow brands with >=100 procedures; all indications,
