registry,country,report_year,data_period,table_key,table_id,procedure,pdf_file,pdf_page,source,verification,row_type,stratum_label,design_group,design_subgroup,implant_class,fixation,compartment,constraint,bearing,sex,age_group,age_group_raw,procedure_period,period_start,period_end,diagnosis,n_total,n_revised,time_yr,estimate,lcl,ucl,n_at_risk,value_status,low_at_risk,metric_type,metric_method,ci_level,population,row_flags
AOANJRR,Australia,2025,to 2024-12-31,ankle_diagnosis,A11,ANKLE,2025-ar-demo-ankle-supplementary-report-aoanjrr.pdf,12,pdf_text,not_needed,stratum,Osteoarthritis,,,,,,,,,,,,,,Osteoarthritis,5079,400,1,1.9,1.5,2.3,,ok,False,cumulative_percent_revision,"Kaplan-Meier (1-KM), percent",0.95,Primary total ankle replacement,
AOANJRR,Australia,2025,to 2024-12-31,ankle_diagnosis,A11,ANKLE,2025-ar-demo-ankle-supplementary-report-aoanjrr.pdf,12,pdf_text,not_needed,stratum,Osteoarthritis,,,,,,,,,,,,,,Osteoarthritis,5079,400,3,5.1,4.4,5.8,,ok,False,cumulative_percent_revision,"Kaplan-Meier (1-KM), percent",0.95,Primary total ankle replacement,
AOANJRR,Australia,2025,to 2024-12-31,ankle_diagnosis,A11,ANKLE,2025-ar-demo-ankle-supplementary-report-aoanjrr.pdf,12,pdf_text,not_needed,stratum,Osteoarthritis,,,,,,,,,,,,,,Osteoarthritis,5079,400,5,7.6,6.7,8.5,,ok,False,cumulative_percent_revision,"Kaplan-Meier (1-KM), percent",0.95,Primary total ankle replacement,
AOANJRR,Australia,2025,to 2024-12-31,ankle_diagnosis,A11,ANKLE,2025-ar-demo-ankle-supplementary-report-aoanjrr.pdf,12,pdf_text,not_needed,stratum,Osteoarthritis,,,,,,,,,,,,,,Osteoarthritis,5079,400,7,9.6,8.5,10.7,,ok,False,cumulative_percent_revision,"Kaplan-Meier (1-KM), percent",0.95,Primary total ankle replacement,
AOANJRR,Australia,2025,to 2024-12-31,ankle_diagnosis,A11,ANKLE,2025-ar-demo-ankle-supplementary-report-aoanjrr.pdf,12,pdf_text,not_needed,stratum,Osteoarthritis,,,,,,,,,,,,,,Osteoarthritis,5079,400,10,13.5,12.1,15.1,,ok,False,cumulative_percent_revision,"Kaplan-Meier (1-KM), percent",0.95,Primary total ankle replacement,
AOANJRR,Australia,2025,to 2024-12-31,ankle_diagnosis,A11,ANKLE,2025-ar-demo-ankle-supplementary-report-aoanjrr.pdf,12,pdf_text,not_needed,stratum,Osteoarthritis,,,,,,,,,,,,,,Osteoarthritis,5079,400,15,17.3,15.4,19.4,,ok,False,cumulative_percent_revision,"Kaplan-Meier (1-KM), percent",0.95,Primary total ankle replacement,
AOANJRR,Australia,2025,to 2024-12-31,ankle_diagnosis,A11,ANKLE,2025-ar-demo-ankle-supplementary-report-aoanjrr.pdf,12,pdf_text,not_needed,stratum,Rheumatoid Arthritis,,,,,,,,,,,,,,Rheumatoid Arthritis,191,15,1,1.6,0.5,5.0,,ok,False,cumulative_percent_revision,"Kaplan-Meier (1-KM), percent",0.95,Primary total ankle replacement,
AOANJRR,Australia,2025,to 2024-12-31,ankle_diagnosis,A11,ANKLE,2025-ar-demo-ankle-supplementary-report-aoanjrr.pdf,12,pdf_text,not_needed,stratum,Rheumatoid Arthritis,,,,,,,,,,,,,,Rheumatoid Arthritis,191,15,3,2.8,1.2,6.7,,ok,False,cumulative_percent_revision,"Kaplan-Meier (1-KM), percent",0.95,Primary total ankle replacement,
AOANJRR,Australia,2025,to 2024-12-31,ankle_diagnosis,A11,ANKLE,2025-ar-demo-ankle-supplementary-report-aoanjrr.pdf,12,pdf_text,not_needed,stratum,Rheumatoid Arthritis,,,,,,,,,,,,,,Rheumatoid Arthritis,191,15,5,4.9,2.5,9.7,,ok,False,cumulative_percent_revision,"Kaplan-Meier (1-KM), percent",0.95,Primary total ankle replacement,
AOANJRR,Australia,2025,to 2024-12-31,ankle_diagnosis,A11,ANKLE,2025-ar-demo-ankle-supplementary-report-aoanjrr.pdf,12,pdf_text,not_needed,stratum,Rheumatoid Arthritis,,,,,,,,,,,,,,Rheumatoid Arthritis,191,15,7,5.8,3.0,10.9,,ok,False,cumulative_percent_revision,"Kaplan-Meier (1-KM), percent",0.95,Primary total ankle replacement,
AOANJRR,Australia,2025,to 2024-12-31,ankle_diagnosis,A11,ANKLE,2025-ar-demo-ankle-supplementary-report-aoanjrr.pdf,12,pdf_text,not_needed,stratum,Rheumatoid Arthritis,,,,,,,,,,,,,,Rheumatoid Arthritis,191,15,10,11.8,6.9,19.8,,ok,False,cumulative_percent_revision,"Kaplan-Meier (1-KM), percent",0.95,Primary total ankle replacement,
AOANJRR,Australia,2025,to 2024-12-31,ankle_diagnosis,A11,ANKLE,2025-ar-demo-ankle-supplementary-report-aoanjrr.pdf,12,pdf_text,not_needed,stratum,Rheumatoid Arthritis,,,,,,,,,,,,,,Rheumatoid Arthritis,191,15,15,,,,,blank,False,cumulative_percent_revision,"Kaplan-Meier (1-KM), percent",0.95,Primary total ankle replacement,
AOANJRR,Australia,2025,to 2024-12-31,ankle_diagnosis,A11,ANKLE,2025-ar-demo-ankle-supplementary-report-aoanjrr.pdf,12,pdf_text,not_needed,stratum,Other Inflammatory Arthritis,,,,,,,,,,,,,,Other Inflammatory Arthritis,34,2,1,0.0,0.0,0.0,,ok,False,cumulative_percent_revision,"Kaplan-Meier (1-KM), percent",0.95,Primary total ankle replacement,
AOANJRR,Australia,2025,to 2024-12-31,ankle_diagnosis,A11,ANKLE,2025-ar-demo-ankle-supplementary-report-aoanjrr.pdf,12,pdf_text,not_needed,stratum,Other Inflammatory Arthritis,,,,,,,,,,,,,,Other Inflammatory Arthritis,34,2,3,7.3,1.9,26.3,,ok,False,cumulative_percent_revision,"Kaplan-Meier (1-KM), percent",0.95,Primary total ankle replacement,
AOANJRR,Australia,2025,to 2024-12-31,ankle_diagnosis,A11,ANKLE,2025-ar-demo-ankle-supplementary-report-aoanjrr.pdf,12,pdf_text,not_needed,stratum,Other Inflammatory Arthritis,,,,,,,,,,,,,,Other Inflammatory Arthritis,34,2,5,7.3,1.9,26.3,,ok,False,cumulative_percent_revision,"Kaplan-Meier (1-KM), percent",0.95,Primary total ankle replacement,
AOANJRR,Australia,2025,to 2024-12-31,ankle_diagnosis,A11,ANKLE,2025-ar-demo-ankle-supplementary-report-aoanjrr.pdf,12,pdf_text,not_needed,stratum,Other Inflammatory Arthritis,,,,,,,,,,,,,,Other Inflammatory Arthritis,34,2,7,7.3,1.9,26.3,,ok,False,cumulative_percent_revision,"Kaplan-Meier (1-KM), percent",0.95,Primary total ankle replacement,
AOANJRR,Australia,2025,to 2024-12-31,ankle_diagnosis,A11,ANKLE,2025-ar-demo-ankle-supplementary-report-aoanjrr.pdf,12,pdf_text,not_needed,stratum,Other Inflammatory Arthritis,,,,,,,,,,,,,,Other Inflammatory Arthritis,34,2,10,7.3,1.9,26.3,,ok,False,cumulative_percent_revision,"Kaplan-Meier (1-KM), percent",0.95,Primary total ankle replacement,
AOANJRR,Australia,2025,to 2024-12-31,ankle_diagnosis,A11,ANKLE,2025-ar-demo-ankle-supplementary-report-aoanjrr.pdf,12,pdf_text,not_needed,stratum,Other Inflammatory Arthritis,,,,,,,,,,,,,,Other Inflammatory Arthritis,34,2,15,,,,,blank,False,cumulative_percent_revision,"Kaplan-Meier (1-KM), percent",0.95,Primary total ankle replacement,
AOANJRR,Australia,2025,to 2024-12-31,ankle_diagnosis,A11,ANKLE,2025-ar-demo-ankle-supplementary-report-aoanjrr.pdf,12,pdf_text,not_needed,stratum,Instability,,,,,,,,,,,,,,Instability,32,3,1,3.1,0.4,20.2,,ok,False,cumulative_percent_revision,"Kaplan-Meier (1-KM), percent",0.95,Primary total ankle replacement,
AOANJRR,Australia,2025,to 2024-12-31,ankle_diagnosis,A11,ANKLE,2025-ar-demo-ankle-supplementary-report-aoanjrr.pdf,12,pdf_text,not_needed,stratum,Instability,,,,,,,,,,,,,,Instability,32,3,3,3.1,0.4,20.2,,ok,False,cumulative_percent_revision,"Kaplan-Meier (1-KM), percent",0.95,Primary total ankle replacement,
AOANJRR,Australia,2025,to 2024-12-31,ankle_diagnosis,A11,ANKLE,2025-ar-demo-ankle-supplementary-report-aoanjrr.pdf,12,pdf_text,not_needed,stratum,Instability,,,,,,,,,,,,,,Instability,32,3,5,3.1,0.4,20.2,,ok,False,cumulative_percent_revision,"Kaplan-Meier (1-KM), percent",0.95,Primary total ankle replacement,
AOANJRR,Australia,2025,to 2024-12-31,ankle_diagnosis,A11,ANKLE,2025-ar-demo-ankle-supplementary-report-aoanjrr.pdf,12,pdf_text,not_needed,stratum,Instability,,,,,,,,,,,,,,Instability,32,3,7,17.0,3.5,62.4,,ok,False,cumulative_percent_revision,"Kaplan-Meier (1-KM), percent",0.95,Primary total ankle replacement,
AOANJRR,Australia,2025,to 2024-12-31,ankle_diagnosis,A11,ANKLE,2025-ar-demo-ankle-supplementary-report-aoanjrr.pdf,12,pdf_text,not_needed,stratum,Instability,,,,,,,,,,,,,,Instability,32,3,10,,,,,blank,False,cumulative_percent_revision,"Kaplan-Meier (1-KM), percent",0.95,Primary total ankle replacement,
AOANJRR,Australia,2025,to 2024-12-31,ankle_diagnosis,A11,ANKLE,2025-ar-demo-ankle-supplementary-report-aoanjrr.pdf,12,pdf_text,not_needed,stratum,Instability,,,,,,,,,,,,,,Instability,32,3,15,,,,,blank,False,cumulative_percent_revision,"Kaplan-Meier (1-KM), percent",0.95,Primary total ankle replacement,
AOANJRR,Australia,2025,to 2024-12-31,ankle_diagnosis,A11,ANKLE,2025-ar-demo-ankle-supplementary-report-aoanjrr.pdf,12,pdf_text,not_needed,stratum,Fracture/Dislocation,,,,,,,,,,,,,,Fracture/Dislocation,15,1,1,7.1,1.0,40.9,,ok,False,cumulative_percent_revision,"Kaplan-Meier (1-KM), percent",0.95,Primary total ankle replacement,
AOANJRR,Australia,2025,to 2024-12-31,ankle_diagnosis,A11,ANKLE,2025-ar-demo-ankle-supplementary-report-aoanjrr.pdf,12,pdf_text,not_needed,stratum,Fracture/Dislocation,,,,,,,,,,,,,,Fracture/Dislocation,15,1,3,7.1,1.0,40.9,,ok,False,cumulative_percent_revision,"Kaplan-Meier (1-KM), percent",0.95,Primary total ankle replacement,
AOANJRR,Australia,2025,to 2024-12-31,ankle_diagnosis,A11,ANKLE,2025-ar-demo-ankle-supplementary-report-aoanjrr.pdf,12,pdf_text,not_needed,stratum,Fracture/Dislocation,,,,,,,,,,,,,,Fracture/Dislocation,15,1,5,7.1,1.0,40.9,,ok,False,cumulative_percent_revision,"Kaplan-Meier (1-KM), percent",0.95,Primary total ankle replacement,
AOANJRR,Australia,2025,to 2024-12-31,ankle_diagnosis,A11,ANKLE,2025-ar-demo-ankle-supplementary-report-aoanjrr.pdf,12,pdf_text,not_needed,stratum,Fracture/Dislocation,,,,,,,,,,,,,,Fracture/Dislocation,15,1,7,,,,,blank,False,cumulative_percent_revision,"Kaplan-Meier (1-KM), percent",0.95,Primary total ankle replacement,
AOANJRR,Australia,2025,to 2024-12-31,ankle_diagnosis,A11,ANKLE,2025-ar-demo-ankle-supplementary-report-aoanjrr.pdf,12,pdf_text,not_needed,stratum,Fracture/Dislocation,,,,,,,,,,,,,,Fracture/Dislocation,15,1,10,,,,,blank,False,cumulative_percent_revision,"Kaplan-Meier (1-KM), percent",0.95,Primary total ankle replacement,
AOANJRR,Australia,2025,to 2024-12-31,ankle_diagnosis,A11,ANKLE,2025-ar-demo-ankle-supplementary-report-aoanjrr.pdf,12,pdf_text,not_needed,stratum,Fracture/Dislocation,,,,,,,,,,,,,,Fracture/Dislocation,15,1,15,,,,,blank,False,cumulative_percent_revision,"Kaplan-Meier (1-KM), percent",0.95,Primary total ankle replacement,
AOANJRR,Australia,2025,to 2024-12-31,ankle_diagnosis,A11,ANKLE,2025-ar-demo-ankle-supplementary-report-aoanjrr.pdf,12,pdf_text,not_needed,stratum,Other,,,,,,,,,,,,,,Other,14,1,1,0.0,0.0,0.0,,ok,False,cumulative_percent_revision,"Kaplan-Meier (1-KM), percent",0.95,Primary total ankle replacement,
AOANJRR,Australia,2025,to 2024-12-31,ankle_diagnosis,A11,ANKLE,2025-ar-demo-ankle-supplementary-report-aoanjrr.pdf,12,pdf_text,not_needed,stratum,Other,,,,,,,,,,,,,,Other,14,1,3,7.7,1.1,43.4,,ok,False,cumulative_percent_revision,"Kaplan-Meier (1-KM), percent",0.95,Primary total ankle replacement,
AOANJRR,Australia,2025,to 2024-12-31,ankle_diagnosis,A11,ANKLE,2025-ar-demo-ankle-supplementary-report-aoanjrr.pdf,12,pdf_text,not_needed,stratum,Other,,,,,,,,,,,,,,Other,14,1,5,7.7,1.1,43.4,,ok,False,cumulative_percent_revision,"Kaplan-Meier (1-KM), percent",0.95,Primary total ankle replacement,
AOANJRR,Australia,2025,to 2024-12-31,ankle_diagnosis,A11,ANKLE,2025-ar-demo-ankle-supplementary-report-aoanjrr.pdf,12,pdf_text,not_needed,stratum,Other,,,,,,,,,,,,,,Other,14,1,7,7.7,1.1,43.4,,ok,False,cumulative_percent_revision,"Kaplan-Meier (1-KM), percent",0.95,Primary total ankle replacement,
AOANJRR,Australia,2025,to 2024-12-31,ankle_diagnosis,A11,ANKLE,2025-ar-demo-ankle-supplementary-report-aoanjrr.pdf,12,pdf_text,not_needed,stratum,Other,,,,,,,,,,,,,,Other,14,1,10,,,,,blank,False,cumulative_percent_revision,"Kaplan-Meier (1-KM), percent",0.95,Primary total ankle replacement,
AOANJRR,Australia,2025,to 2024-12-31,ankle_diagnosis,A11,ANKLE,2025-ar-demo-ankle-supplementary-report-aoanjrr.pdf,12,pdf_text,not_needed,stratum,Other,,,,,,,,,,,,,,Other,14,1,15,,,,,blank,False,cumulative_percent_revision,"Kaplan-Meier (1-KM), percent",0.95,Primary total ankle replacement,
AOANJRR,Australia,2025,to 2024-12-31,ankle_diagnosis,A11,ANKLE,2025-ar-demo-ankle-supplementary-report-aoanjrr.pdf,12,pdf_text,not_needed,stratum,Osteonecrosis,,,,,,,,,,,,,,Osteonecrosis,12,2,1,11.1,1.6,56.7,,ok,False,cumulative_percent_revision,"Kaplan-Meier (1-KM), percent",0.95,Primary total ankle replacement,
AOANJRR,Australia,2025,to 2024-12-31,ankle_diagnosis,A11,ANKLE,2025-ar-demo-ankle-supplementary-report-aoanjrr.pdf,12,pdf_text,not_needed,stratum,Osteonecrosis,,,,,,,,,,,,,,Osteonecrosis,12,2,3,11.1,1.6,56.7,,ok,False,cumulative_percent_revision,"Kaplan-Meier (1-KM), percent",0.95,Primary total ankle replacement,
AOANJRR,Australia,2025,to 2024-12-31,ankle_diagnosis,A11,ANKLE,2025-ar-demo-ankle-supplementary-report-aoanjrr.pdf,12,pdf_text,not_needed,stratum,Osteonecrosis,,,,,,,,,,,,,,Osteonecrosis,12,2,5,11.1,1.6,56.7,,ok,False,cumulative_percent_revision,"Kaplan-Meier (1-KM), percent",0.95,Primary total ankle replacement,
AOANJRR,Australia,2025,to 2024-12-31,ankle_diagnosis,A11,ANKLE,2025-ar-demo-ankle-supplementary-report-aoanjrr.pdf,12,pdf_text,not_needed,stratum,Osteonecrosis,,,,,,,,,,,,,,Osteonecrosis,12,2,7,11.1,1.6,56.7,,ok,False,cumulative_percent_revision,"Kaplan-Meier (1-KM), percent",0.95,Primary total ankle replacement,
AOANJRR,Australia,2025,to 2024-12-31,ankle_diagnosis,A11,ANKLE,2025-ar-demo-ankle-supplementary-report-aoanjrr.pdf,12,pdf_text,not_needed,stratum,Osteonecrosis,,,,,,,,,,,,,,Osteonecrosis,12,2,10,11.1,1.6,56.7,,ok,False,cumulative_percent_revision,"Kaplan-Meier (1-KM), percent",0.95,Primary total ankle replacement,
AOANJRR,Australia,2025,to 2024-12-31,ankle_diagnosis,A11,ANKLE,2025-ar-demo-ankle-supplementary-report-aoanjrr.pdf,12,pdf_text,not_needed,stratum,Osteonecrosis,,,,,,,,,,,,,,Osteonecrosis,12,2,15,,,,,blank,False,cumulative_percent_revision,"Kaplan-Meier (1-KM), percent",0.95,Primary total ankle replacement,
AOANJRR,Australia,2025,to 2024-12-31,ankle_diagnosis,A11,ANKLE,2025-ar-demo-ankle-supplementary-report-aoanjrr.pdf,12,pdf_text,not_needed,other,Other (1),,,,,,,,,,,,,,Other (1),2,0,1,0.0,0.0,0.0,,ok,False,cumulative_percent_revision,"Kaplan-Meier (1-KM), percent",0.95,Primary total ankle replacement,
AOANJRR,Australia,2025,to 2024-12-31,ankle_diagnosis,A11,ANKLE,2025-ar-demo-ankle-supplementary-report-aoanjrr.pdf,12,pdf_text,not_needed,other,Other (1),,,,,,,,,,,,,,Other (1),2,0,3,0.0,0.0,0.0,,ok,False,cumulative_percent_revision,"Kaplan-Meier (1-KM), percent",0.95,Primary total ankle replacement,
AOANJRR,Australia,2025,to 2024-12-31,ankle_diagnosis,A11,ANKLE,2025-ar-demo-ankle-supplementary-report-aoanjrr.pdf,12,pdf_text,not_needed,other,Other (1),,,,,,,,,,,,,,Other (1),2,0,5,0.0,0.0,0.0,,ok,False,cumulative_percent_revision,"Kaplan-Meier (1-KM), percent",0.95,Primary total ankle replacement,
AOANJRR,Australia,2025,to 2024-12-31,ankle_diagnosis,A11,ANKLE,2025-ar-demo-ankle-supplementary-report-aoanjrr.pdf,12,pdf_text,not_needed,other,Other (1),,,,,,,,,,,,,,Other (1),2,0,7,0.0,0.0,0.0,,ok,False,cumulative_percent_revision,"Kaplan-Meier (1-KM), percent",0.95,Primary total ankle replacement,
AOANJRR,Australia,2025,to 2024-12-31,ankle_diagnosis,A11,ANKLE,2025-ar-demo-ankle-supplementary-report-aoanjrr.pdf,12,pdf_text,not_needed,other,Other (1),,,,,,,,,,,,,,Other (1),2,0,10,,,,,blank,False,cumulative_percent_revision,"Kaplan-Meier (1-KM), percent",0.95,Primary total ankle replacement,
AOANJRR,Australia,2025,to 2024-12-31,ankle_diagnosis,A11,ANKLE,2025-ar-demo-ankle-supplementary-report-aoanjrr.pdf,12,pdf_text,not_needed,other,Other (1),,,,,,,,,,,,,,Other (1),2,0,15,,,,,blank,False,cumulative_percent_revision,"Kaplan-Meier (1-KM), percent",0.95,Primary total ankle replacement,
AOANJRR,Australia,2025,to 2024-12-31,ankle_diagnosis,A11,ANKLE,2025-ar-demo-ankle-supplementary-report-aoanjrr.pdf,12,pdf_text,not_needed,total,TOTAL,,,,,,,,,,,,,,,5379,424,1,,,,,blank,False,cumulative_percent_revision,"Kaplan-Meier (1-KM), percent",0.95,Primary total ankle replacement,
AOANJRR,Australia,2025,to 2024-12-31,ankle_diagnosis,A11,ANKLE,2025-ar-demo-ankle-supplementary-report-aoanjrr.pdf,12,pdf_text,not_needed,total,TOTAL,,,,,,,,,,,,,,,5379,424,3,,,,,blank,False,cumulative_percent_revision,"Kaplan-Meier (1-KM), percent",0.95,Primary total ankle replacement,
AOANJRR,Australia,2025,to 2024-12-31,ankle_diagnosis,A11,ANKLE,2025-ar-demo-ankle-supplementary-report-aoanjrr.pdf,12,pdf_text,not_needed,total,TOTAL,,,,,,,,,,,,,,,5379,424,5,,,,,blank,False,cumulative_percent_revision,"Kaplan-Meier (1-KM), percent",0.95,Primary total ankle replacement,
AOANJRR,Australia,2025,to 2024-12-31,ankle_diagnosis,A11,ANKLE,2025-ar-demo-ankle-supplementary-report-aoanjrr.pdf,12,pdf_text,not_needed,total,TOTAL,,,,,,,,,,,,,,,5379,424,7,,,,,blank,False,cumulative_percent_revision,"Kaplan-Meier (1-KM), percent",0.95,Primary total ankle replacement,
AOANJRR,Australia,2025,to 2024-12-31,ankle_diagnosis,A11,ANKLE,2025-ar-demo-ankle-supplementary-report-aoanjrr.pdf,12,pdf_text,not_needed,total,TOTAL,,,,,,,,,,,,,,,5379,424,10,,,,,blank,False,cumulative_percent_revision,"Kaplan-Meier (1-KM), percent",0.95,Primary total ankle replacement,
AOANJRR,Australia,2025,to 2024-12-31,ankle_diagnosis,A11,ANKLE,2025-ar-demo-ankle-supplementary-report-aoanjrr.pdf,12,pdf_text,not_needed,total,TOTAL,,,,,,,,,,,,,,,5379,424,15,,,,,blank,False,cumulative_percent_revision,"Kaplan-Meier (1-KM), percent",0.95,Primary total ankle replacement,
AOANJRR,Australia,2025,to 2024-12-31,ankle_period,A14,ANKLE,2025-ar-demo-ankle-supplementary-report-aoanjrr.pdf,14,pdf_text,not_needed,stratum,2015-2024,,,,,,,,,,,2015-2024,2015,2024,,3858,144,1,1.5,1.1,2.0,,ok,False,cumulative_percent_revision,"Kaplan-Meier (1-KM), percent",0.95,Primary total ankle replacement,
AOANJRR,Australia,2025,to 2024-12-31,ankle_period,A14,ANKLE,2025-ar-demo-ankle-supplementary-report-aoanjrr.pdf,14,pdf_text,not_needed,stratum,2015-2024,,,,,,,,,,,2015-2024,2015,2024,,3858,144,3,3.8,3.1,4.6,,ok,False,cumulative_percent_revision,"Kaplan-Meier (1-KM), percent",0.95,Primary total ankle replacement,
AOANJRR,Australia,2025,to 2024-12-31,ankle_period,A14,ANKLE,2025-ar-demo-ankle-supplementary-report-aoanjrr.pdf,14,pdf_text,not_needed,stratum,2015-2024,,,,,,,,,,,2015-2024,2015,2024,,3858,144,5,5.1,4.2,6.1,,ok,False,cumulative_percent_revision,"Kaplan-Meier (1-KM), percent",0.95,Primary total ankle replacement,
AOANJRR,Australia,2025,to 2024-12-31,ankle_period,A14,ANKLE,2025-ar-demo-ankle-supplementary-report-aoanjrr.pdf,14,pdf_text,not_needed,stratum,2015-2024,,,,,,,,,,,2015-2024,2015,2024,,3858,144,7,6.4,5.2,7.8,,ok,False,cumulative_percent_revision,"Kaplan-Meier (1-KM), percent",0.95,Primary total ankle replacement,
AOANJRR,Australia,2025,to 2024-12-31,ankle_period,A14,ANKLE,2025-ar-demo-ankle-supplementary-report-aoanjrr.pdf,14,pdf_text,not_needed,stratum,2015-2024,,,,,,,,,,,2015-2024,2015,2024,,3858,144,10,,,,,blank,False,cumulative_percent_revision,"Kaplan-Meier (1-KM), percent",0.95,Primary total ankle replacement,
AOANJRR,Australia,2025,to 2024-12-31,ankle_period,A14,ANKLE,2025-ar-demo-ankle-supplementary-report-aoanjrr.pdf,14,pdf_text,not_needed,stratum,2015-2024,,,,,,,,,,,2015-2024,2015,2024,,3858,144,15,,,,,blank,False,cumulative_percent_revision,"Kaplan-Meier (1-KM), percent",0.95,Primary total ankle replacement,
AOANJRR,Australia,2025,to 2024-12-31,ankle_period,A14,ANKLE,2025-ar-demo-ankle-supplementary-report-aoanjrr.pdf,14,pdf_text,not_needed,stratum,Pre 2015,,,,,,,,,,,Pre 2015,,2014,,1521,280,1,2.8,2.1,3.7,,ok,False,cumulative_percent_revision,"Kaplan-Meier (1-KM), percent",0.95,Primary total ankle replacement,
AOANJRR,Australia,2025,to 2024-12-31,ankle_period,A14,ANKLE,2025-ar-demo-ankle-supplementary-report-aoanjrr.pdf,14,pdf_text,not_needed,stratum,Pre 2015,,,,,,,,,,,Pre 2015,,2014,,1521,280,3,7.2,6.0,8.6,,ok,False,cumulative_percent_revision,"Kaplan-Meier (1-KM), percent",0.95,Primary total ankle replacement,
AOANJRR,Australia,2025,to 2024-12-31,ankle_period,A14,ANKLE,2025-ar-demo-ankle-supplementary-report-aoanjrr.pdf,14,pdf_text,not_needed,stratum,Pre 2015,,,,,,,,,,,Pre 2015,,2014,,1521,280,5,10.7,9.2,12.4,,ok,False,cumulative_percent_revision,"Kaplan-Meier (1-KM), percent",0.95,Primary total ankle replacement,
AOANJRR,Australia,2025,to 2024-12-31,ankle_period,A14,ANKLE,2025-ar-demo-ankle-supplementary-report-aoanjrr.pdf,14,pdf_text,not_needed,stratum,Pre 2015,,,,,,,,,,,Pre 2015,,2014,,1521,280,7,12.9,11.3,14.7,,ok,False,cumulative_percent_revision,"Kaplan-Meier (1-KM), percent",0.95,Primary total ankle replacement,
AOANJRR,Australia,2025,to 2024-12-31,ankle_period,A14,ANKLE,2025-ar-demo-ankle-supplementary-report-aoanjrr.pdf,14,pdf_text,not_needed,stratum,Pre 2015,,,,,,,,,,,Pre 2015,,2014,,1521,280,10,17.0,15.1,19.0,,ok,False,cumulative_percent_revision,"Kaplan-Meier (1-KM), percent",0.95,Primary total ankle replacement,
AOANJRR,Australia,2025,to 2024-12-31,ankle_period,A14,ANKLE,2025-ar-demo-ankle-supplementary-report-aoanjrr.pdf,14,pdf_text,not_needed,stratum,Pre 2015,,,,,,,,,,,Pre 2015,,2014,,1521,280,15,20.5,18.4,22.9,,ok,False,cumulative_percent_revision,"Kaplan-Meier (1-KM), percent",0.95,Primary total ankle replacement,
AOANJRR,Australia,2025,to 2024-12-31,ankle_period,A14,ANKLE,2025-ar-demo-ankle-supplementary-report-aoanjrr.pdf,14,pdf_text,not_needed,total,TOTAL,,,,,,,,,,,TOTAL,,,,5379,424,1,,,,,blank,False,cumulative_percent_revision,"Kaplan-Meier (1-KM), percent",0.95,Primary total ankle replacement,
AOANJRR,Australia,2025,to 2024-12-31,ankle_period,A14,ANKLE,2025-ar-demo-ankle-supplementary-report-aoanjrr.pdf,14,pdf_text,not_needed,total,TOTAL,,,,,,,,,,,TOTAL,,,,5379,424,3,,,,,blank,False,cumulative_percent_revision,"Kaplan-Meier (1-KM), percent",0.95,Primary total ankle replacement,
AOANJRR,Australia,2025,to 2024-12-31,ankle_period,A14,ANKLE,2025-ar-demo-ankle-supplementary-report-aoanjrr.pdf,14,pdf_text,not_needed,total,TOTAL,,,,,,,,,,,TOTAL,,,,5379,424,5,,,,,blank,False,cumulative_percent_revision,"Kaplan-Meier (1-KM), percent",0.95,Primary total ankle replacement,
AOANJRR,Australia,2025,to 2024-12-31,ankle_period,A14,ANKLE,2025-ar-demo-ankle-supplementary-report-aoanjrr.pdf,14,pdf_text,not_needed,total,TOTAL,,,,,,,,,,,TOTAL,,,,5379,424,7,,,,,blank,False,cumulative_percent_revision,"Kaplan-Meier (1-KM), percent",0.95,Primary total ankle replacement,
AOANJRR,Australia,2025,to 2024-12-31,ankle_period,A14,ANKLE,2025-ar-demo-ankle-supplementary-report-aoanjrr.pdf,14,pdf_text,not_needed,total,TOTAL,,,,,,,,,,,TOTAL,,,,5379,424,10,,,,,blank,False,cumulative_percent_revision,"Kaplan-Meier (1-KM), percent",0.95,Primary total ankle replacement,
AOANJRR,Australia,2025,to 2024-12-31,ankle_period,A14,ANKLE,2025-ar-demo-ankle-supplementary-report-aoanjrr.pdf,14,pdf_text,not_needed,total,TOTAL,,,,,,,,,,,TOTAL,,,,5379,424,15,,,,,blank,False,cumulative_percent_revision,"Kaplan-Meier (1-KM), percent",0.95,Primary total ankle replacement,
LROI,Netherlands,2025,2007 to 2024-12-31,ankle_overall,A014B,ANKLE,pdf-lroi-report-2025-3.pdf,153,manual,unverified,total,Primary ankle,,,Primary ankle,,,,,,,,,,,,1460,,1,1.16,0.59,1.73,,ok,False,cumulative_revision_percentage,"Kaplan-Meier cumulative revision percentage, percent",0.95,"All primary ankle arthroplasties 2014-2024 (n=1,460, from the caption); LROI notes ankle revisions are under-registered","note:n from figure caption (n=1,460)"
LROI,Netherlands,2025,2007 to 2024-12-31,ankle_overall,A014B,ANKLE,pdf-lroi-report-2025-3.pdf,153,manual,unverified,total,Primary ankle,,,Primary ankle,,,,,,,,,,,,1460,,3,4.16,3.02,5.3,,ok,False,cumulative_revision_percentage,"Kaplan-Meier cumulative revision percentage, percent",0.95,"All primary ankle arthroplasties 2014-2024 (n=1,460, from the caption); LROI notes ankle revisions are under-registered","note:n from figure caption (n=1,460)"
LROI,Netherlands,2025,2007 to 2024-12-31,ankle_overall,A014B,ANKLE,pdf-lroi-report-2025-3.pdf,153,manual,unverified,total,Primary ankle,,,Primary ankle,,,,,,,,,,,,1460,,5,6.13,4.68,7.59,,ok,False,cumulative_revision_percentage,"Kaplan-Meier cumulative revision percentage, percent",0.95,"All primary ankle arthroplasties 2014-2024 (n=1,460, from the caption); LROI notes ankle revisions are under-registered","note:n from figure caption (n=1,460)"
LROI,Netherlands,2025,2007 to 2024-12-31,ankle_overall,A014B,ANKLE,pdf-lroi-report-2025-3.pdf,153,manual,unverified,total,Primary ankle,,,Primary ankle,,,,,,,,,,,,1460,,7,7.31,5.63,8.99,,ok,False,cumulative_revision_percentage,"Kaplan-Meier cumulative revision percentage, percent",0.95,"All primary ankle arthroplasties 2014-2024 (n=1,460, from the caption); LROI notes ankle revisions are under-registered","note:n from figure caption (n=1,460)"
LROI,Netherlands,2025,2007 to 2024-12-31,ankle_overall,A014B,ANKLE,pdf-lroi-report-2025-3.pdf,153,manual,unverified,total,Primary ankle,,,Primary ankle,,,,,,,,,,,,1460,,10,10.89,8.09,13.69,,ok,False,cumulative_revision_percentage,"Kaplan-Meier cumulative revision percentage, percent",0.95,"All primary ankle arthroplasties 2014-2024 (n=1,460, from the caption); LROI notes ankle revisions are under-registered","note:n from figure caption (n=1,460)"
LROI,Netherlands,2025,2007 to 2024-12-31,ankle_procedure_period,A015B,ANKLE,pdf-lroi-report-2025-3.pdf,153,manual,unverified,stratum,2014-2017,,,,,,,,,,,2014-2017,2014,2017,Osteoarthritis,323,,1,0.0,0.0,0.0,,ok,False,cumulative_revision_percentage,"Kaplan-Meier cumulative revision percentage, percent",0.95,"Primary total ankle arthroplasty for osteoarthritis, by 4-year procedure period",
LROI,Netherlands,2025,2007 to 2024-12-31,ankle_procedure_period,A015B,ANKLE,pdf-lroi-report-2025-3.pdf,153,manual,unverified,stratum,2014-2017,,,,,,,,,,,2014-2017,2014,2017,Osteoarthritis,323,,3,4.05,1.89,6.21,,ok,False,cumulative_revision_percentage,"Kaplan-Meier cumulative revision percentage, percent",0.95,"Primary total ankle arthroplasty for osteoarthritis, by 4-year procedure period",
LROI,Netherlands,2025,2007 to 2024-12-31,ankle_procedure_period,A015B,ANKLE,pdf-lroi-report-2025-3.pdf,153,manual,unverified,stratum,2014-2017,,,,,,,,,,,2014-2017,2014,2017,Osteoarthritis,323,,5,6.6,3.87,9.33,,ok,False,cumulative_revision_percentage,"Kaplan-Meier cumulative revision percentage, percent",0.95,"Primary total ankle arthroplasty for osteoarthritis, by 4-year procedure period",
LROI,Netherlands,2025,2007 to 2024-12-31,ankle_procedure_period,A015B,ANKLE,pdf-lroi-report-2025-3.pdf,153,manual,unverified,stratum,2014-2017,,,,,,,,,,,2014-2017,2014,2017,Osteoarthritis,323,,7,7.62,4.69,10.55,,ok,False,cumulative_revision_percentage,"Kaplan-Meier cumulative revision percentage, percent",0.95,"Primary total ankle arthroplasty for osteoarthritis, by 4-year procedure period",
LROI,Netherlands,2025,2007 to 2024-12-31,ankle_procedure_period,A015B,ANKLE,pdf-lroi-report-2025-3.pdf,153,manual,unverified,stratum,2014-2017,,,,,,,,,,,2014-2017,2014,2017,Osteoarthritis,323,,10,12.37,8.16,16.58,,ok,False,cumulative_revision_percentage,"Kaplan-Meier cumulative revision percentage, percent",0.95,"Primary total ankle arthroplasty for osteoarthritis, by 4-year procedure period",
LROI,Netherlands,2025,2007 to 2024-12-31,ankle_procedure_period,A015B,ANKLE,pdf-lroi-report-2025-3.pdf,153,manual,unverified,stratum,2018-2021,,,,,,,,,,,2018-2021,2018,2021,Osteoarthritis,445,,1,1.35,0.28,2.42,,ok,False,cumulative_revision_percentage,"Kaplan-Meier cumulative revision percentage, percent",0.95,"Primary total ankle arthroplasty for osteoarthritis, by 4-year procedure period",
LROI,Netherlands,2025,2007 to 2024-12-31,ankle_procedure_period,A015B,ANKLE,pdf-lroi-report-2025-3.pdf,153,manual,unverified,stratum,2018-2021,,,,,,,,,,,2018-2021,2018,2021,Osteoarthritis,445,,3,3.84,2.05,5.63,,ok,False,cumulative_revision_percentage,"Kaplan-Meier cumulative revision percentage, percent",0.95,"Primary total ankle arthroplasty for osteoarthritis, by 4-year procedure period",
LROI,Netherlands,2025,2007 to 2024-12-31,ankle_procedure_period,A015B,ANKLE,pdf-lroi-report-2025-3.pdf,153,manual,unverified,stratum,2018-2021,,,,,,,,,,,2018-2021,2018,2021,Osteoarthritis,445,,5,4.77,2.69,6.84,,ok,False,cumulative_revision_percentage,"Kaplan-Meier cumulative revision percentage, percent",0.95,"Primary total ankle arthroplasty for osteoarthritis, by 4-year procedure period",
LROI,Netherlands,2025,2007 to 2024-12-31,ankle_procedure_period,A015B,ANKLE,pdf-lroi-report-2025-3.pdf,153,manual,unverified,stratum,2018-2021,,,,,,,,,,,2018-2021,2018,2021,Osteoarthritis,445,,7,,,,,not_reported,False,cumulative_revision_percentage,"Kaplan-Meier cumulative revision percentage, percent",0.95,"Primary total ankle arthroplasty for osteoarthritis, by 4-year procedure period",
LROI,Netherlands,2025,2007 to 2024-12-31,ankle_procedure_period,A015B,ANKLE,pdf-lroi-report-2025-3.pdf,153,manual,unverified,stratum,2018-2021,,,,,,,,,,,2018-2021,2018,2021,Osteoarthritis,445,,10,,,,,not_reported,False,cumulative_revision_percentage,"Kaplan-Meier cumulative revision percentage, percent",0.95,"Primary total ankle arthroplasty for osteoarthritis, by 4-year procedure period",
NJR,"England, Wales, Northern Ireland, Isle of Man, Guernsey",2025,to 2024-12-31,ankle_sex_age,3.A3,ANKLE,NJR 22nd Annual Report 2025_Ankles.pdf,32,pdf_text,not_needed,total,All cases,,,,,,,,,,,,,,,11321,,1,0.73,0.58,0.91,,ok,False,cumulative_revision_km,"Kaplan-Meier (1-KM), percent",0.95,All primary ankle replacements ('All cases' row = funnel mean),
NJR,"England, Wales, Northern Ireland, Isle of Man, Guernsey",2025,to 2024-12-31,ankle_sex_age,3.A3,ANKLE,NJR 22nd Annual Report 2025_Ankles.pdf,32,pdf_text,not_needed,total,All cases,,,,,,,,,,,,,,,11321,,3,2.97,2.64,3.34,,ok,False,cumulative_revision_km,"Kaplan-Meier (1-KM), percent",0.95,All primary ankle replacements ('All cases' row = funnel mean),
NJR,"England, Wales, Northern Ireland, Isle of Man, Guernsey",2025,to 2024-12-31,ankle_sex_age,3.A3,ANKLE,NJR 22nd Annual Report 2025_Ankles.pdf,32,pdf_text,not_needed,total,All cases,,,,,,,,,,,,,,,11321,,5,5.13,4.67,5.64,,ok,False,cumulative_revision_km,"Kaplan-Meier (1-KM), percent",0.95,All primary ankle replacements ('All cases' row = funnel mean),
NJR,"England, Wales, Northern Ireland, Isle of Man, Guernsey",2025,to 2024-12-31,ankle_sex_age,3.A3,ANKLE,NJR 22nd Annual Report 2025_Ankles.pdf,32,pdf_text,not_needed,total,All cases,,,,,,,,,,,,,,,11321,,7,6.89,6.31,7.51,,ok,False,cumulative_revision_km,"Kaplan-Meier (1-KM), percent",0.95,All primary ankle replacements ('All cases' row = funnel mean),
NJR,"England, Wales, Northern Ireland, Isle of Man, Guernsey",2025,to 2024-12-31,ankle_sex_age,3.A3,ANKLE,NJR 22nd Annual Report 2025_Ankles.pdf,32,pdf_text,not_needed,total,All cases,,,,,,,,,,,,,,,11321,,10,9.54,8.75,10.39,,ok,False,cumulative_revision_km,"Kaplan-Meier (1-KM), percent",0.95,All primary ankle replacements ('All cases' row = funnel mean),
NJR,"England, Wales, Northern Ireland, Isle of Man, Guernsey",2025,to 2024-12-31,ankle_sex_age,3.A3,ANKLE,NJR 22nd Annual Report 2025_Ankles.pdf,32,pdf_text,not_needed,total,All cases,,,,,,,,,,,,,,,11321,,14,11.47,10.36,12.68,,ok,True,cumulative_revision_km,"Kaplan-Meier (1-KM), percent",0.95,All primary ankle replacements ('All cases' row = funnel mean),
NJR,"England, Wales, Northern Ireland, Isle of Man, Guernsey",2025,to 2024-12-31,ankle_sex_age,3.A3,ANKLE,NJR 22nd Annual Report 2025_Ankles.pdf,32,pdf_text,not_needed,subtotal,Female,,,,,,,,Female,,,,,,,4458,,1,0.69,0.48,1.0,,ok,False,cumulative_revision_km,"Kaplan-Meier (1-KM), percent",0.95,All primary ankle replacements ('All cases' row = funnel mean),
NJR,"England, Wales, Northern Ireland, Isle of Man, Guernsey",2025,to 2024-12-31,ankle_sex_age,3.A3,ANKLE,NJR 22nd Annual Report 2025_Ankles.pdf,32,pdf_text,not_needed,subtotal,Female,,,,,,,,Female,,,,,,,4458,,3,3.29,2.75,3.92,,ok,False,cumulative_revision_km,"Kaplan-Meier (1-KM), percent",0.95,All primary ankle replacements ('All cases' row = funnel mean),
NJR,"England, Wales, Northern Ireland, Isle of Man, Guernsey",2025,to 2024-12-31,ankle_sex_age,3.A3,ANKLE,NJR 22nd Annual Report 2025_Ankles.pdf,32,pdf_text,not_needed,subtotal,Female,,,,,,,,Female,,,,,,,4458,,5,5.65,4.9,6.5,,ok,False,cumulative_revision_km,"Kaplan-Meier (1-KM), percent",0.95,All primary ankle replacements ('All cases' row = funnel mean),
NJR,"England, Wales, Northern Ireland, Isle of Man, Guernsey",2025,to 2024-12-31,ankle_sex_age,3.A3,ANKLE,NJR 22nd Annual Report 2025_Ankles.pdf,32,pdf_text,not_needed,subtotal,Female,,,,,,,,Female,,,,,,,4458,,7,7.47,6.55,8.51,,ok,False,cumulative_revision_km,"Kaplan-Meier (1-KM), percent",0.95,All primary ankle replacements ('All cases' row = funnel mean),
NJR,"England, Wales, Northern Ireland, Isle of Man, Guernsey",2025,to 2024-12-31,ankle_sex_age,3.A3,ANKLE,NJR 22nd Annual Report 2025_Ankles.pdf,32,pdf_text,not_needed,subtotal,Female,,,,,,,,Female,,,,,,,4458,,10,10.06,8.83,11.44,,ok,False,cumulative_revision_km,"Kaplan-Meier (1-KM), percent",0.95,All primary ankle replacements ('All cases' row = funnel mean),
NJR,"England, Wales, Northern Ireland, Isle of Man, Guernsey",2025,to 2024-12-31,ankle_sex_age,3.A3,ANKLE,NJR 22nd Annual Report 2025_Ankles.pdf,32,pdf_text,not_needed,subtotal,Female,,,,,,,,Female,,,,,,,4458,,14,11.75,10.18,13.53,,ok,True,cumulative_revision_km,"Kaplan-Meier (1-KM), percent",0.95,All primary ankle replacements ('All cases' row = funnel mean),
NJR,"England, Wales, Northern Ireland, Isle of Man, Guernsey",2025,to 2024-12-31,ankle_sex_age,3.A3,ANKLE,NJR 22nd Annual Report 2025_Ankles.pdf,32,pdf_text,not_needed,stratum,Female | <65,,,,,,,,Female,<65,<65,,,,,1655,,1,0.78,0.44,1.37,,ok,False,cumulative_revision_km,"Kaplan-Meier (1-KM), percent",0.95,All primary ankle replacements ('All cases' row = funnel mean),
NJR,"England, Wales, Northern Ireland, Isle of Man, Guernsey",2025,to 2024-12-31,ankle_sex_age,3.A3,ANKLE,NJR 22nd Annual Report 2025_Ankles.pdf,32,pdf_text,not_needed,stratum,Female | <65,,,,,,,,Female,<65,<65,,,,,1655,,3,4.88,3.85,6.19,,ok,False,cumulative_revision_km,"Kaplan-Meier (1-KM), percent",0.95,All primary ankle replacements ('All cases' row = funnel mean),
NJR,"England, Wales, Northern Ireland, Isle of Man, Guernsey",2025,to 2024-12-31,ankle_sex_age,3.A3,ANKLE,NJR 22nd Annual Report 2025_Ankles.pdf,32,pdf_text,not_needed,stratum,Female | <65,,,,,,,,Female,<65,<65,,,,,1655,,5,8.8,7.31,10.57,,ok,False,cumulative_revision_km,"Kaplan-Meier (1-KM), percent",0.95,All primary ankle replacements ('All cases' row = funnel mean),
NJR,"England, Wales, Northern Ireland, Isle of Man, Guernsey",2025,to 2024-12-31,ankle_sex_age,3.A3,ANKLE,NJR 22nd Annual Report 2025_Ankles.pdf,32,pdf_text,not_needed,stratum,Female | <65,,,,,,,,Female,<65,<65,,,,,1655,,7,11.52,9.73,13.61,,ok,False,cumulative_revision_km,"Kaplan-Meier (1-KM), percent",0.95,All primary ankle replacements ('All cases' row = funnel mean),
NJR,"England, Wales, Northern Ireland, Isle of Man, Guernsey",2025,to 2024-12-31,ankle_sex_age,3.A3,ANKLE,NJR 22nd Annual Report 2025_Ankles.pdf,32,pdf_text,not_needed,stratum,Female | <65,,,,,,,,Female,<65,<65,,,,,1655,,10,15.73,13.37,18.46,,ok,False,cumulative_revision_km,"Kaplan-Meier (1-KM), percent",0.95,All primary ankle replacements ('All cases' row = funnel mean),
NJR,"England, Wales, Northern Ireland, Isle of Man, Guernsey",2025,to 2024-12-31,ankle_sex_age,3.A3,ANKLE,NJR 22nd Annual Report 2025_Ankles.pdf,32,pdf_text,not_needed,stratum,Female | <65,,,,,,,,Female,<65,<65,,,,,1655,,14,18.46,15.59,21.78,,ok,True,cumulative_revision_km,"Kaplan-Meier (1-KM), percent",0.95,All primary ankle replacements ('All cases' row = funnel mean),
NJR,"England, Wales, Northern Ireland, Isle of Man, Guernsey",2025,to 2024-12-31,ankle_sex_age,3.A3,ANKLE,NJR 22nd Annual Report 2025_Ankles.pdf,32,pdf_text,not_needed,stratum,Female | 65-74,,,,,,,,Female,65-74,65 to 74,,,,,1661,,1,0.7,0.39,1.26,,ok,False,cumulative_revision_km,"Kaplan-Meier (1-KM), percent",0.95,All primary ankle replacements ('All cases' row = funnel mean),
NJR,"England, Wales, Northern Ireland, Isle of Man, Guernsey",2025,to 2024-12-31,ankle_sex_age,3.A3,ANKLE,NJR 22nd Annual Report 2025_Ankles.pdf,32,pdf_text,not_needed,stratum,Female | 65-74,,,,,,,,Female,65-74,65 to 74,,,,,1661,,3,3.09,2.3,4.15,,ok,False,cumulative_revision_km,"Kaplan-Meier (1-KM), percent",0.95,All primary ankle replacements ('All cases' row = funnel mean),
NJR,"England, Wales, Northern Ireland, Isle of Man, Guernsey",2025,to 2024-12-31,ankle_sex_age,3.A3,ANKLE,NJR 22nd Annual Report 2025_Ankles.pdf,32,pdf_text,not_needed,stratum,Female | 65-74,,,,,,,,Female,65-74,65 to 74,,,,,1661,,5,4.97,3.9,6.32,,ok,False,cumulative_revision_km,"Kaplan-Meier (1-KM), percent",0.95,All primary ankle replacements ('All cases' row = funnel mean),
NJR,"England, Wales, Northern Ireland, Isle of Man, Guernsey",2025,to 2024-12-31,ankle_sex_age,3.A3,ANKLE,NJR 22nd Annual Report 2025_Ankles.pdf,32,pdf_text,not_needed,stratum,Female | 65-74,,,,,,,,Female,65-74,65 to 74,,,,,1661,,7,6.75,5.4,8.42,,ok,False,cumulative_revision_km,"Kaplan-Meier (1-KM), percent",0.95,All primary ankle replacements ('All cases' row = funnel mean),
NJR,"England, Wales, Northern Ireland, Isle of Man, Guernsey",2025,to 2024-12-31,ankle_sex_age,3.A3,ANKLE,NJR 22nd Annual Report 2025_Ankles.pdf,32,pdf_text,not_needed,stratum,Female | 65-74,,,,,,,,Female,65-74,65 to 74,,,,,1661,,10,8.67,6.96,10.77,,ok,False,cumulative_revision_km,"Kaplan-Meier (1-KM), percent",0.95,All primary ankle replacements ('All cases' row = funnel mean),
NJR,"England, Wales, Northern Ireland, Isle of Man, Guernsey",2025,to 2024-12-31,ankle_sex_age,3.A3,ANKLE,NJR 22nd Annual Report 2025_Ankles.pdf,32,pdf_text,not_needed,stratum,Female | 65-74,,,,,,,,Female,65-74,65 to 74,,,,,1661,,14,9.38,7.3,12.03,,ok,True,cumulative_revision_km,"Kaplan-Meier (1-KM), percent",0.95,All primary ankle replacements ('All cases' row = funnel mean),
NJR,"England, Wales, Northern Ireland, Isle of Man, Guernsey",2025,to 2024-12-31,ankle_sex_age,3.A3,ANKLE,NJR 22nd Annual Report 2025_Ankles.pdf,32,pdf_text,not_needed,stratum,Female | >=75,,,,,,,,Female,>=75,≥75,,,,,1142,,1,0.55,0.25,1.23,,ok,False,cumulative_revision_km,"Kaplan-Meier (1-KM), percent",0.95,All primary ankle replacements ('All cases' row = funnel mean),
NJR,"England, Wales, Northern Ireland, Isle of Man, Guernsey",2025,to 2024-12-31,ankle_sex_age,3.A3,ANKLE,NJR 22nd Annual Report 2025_Ankles.pdf,32,pdf_text,not_needed,stratum,Female | >=75,,,,,,,,Female,>=75,≥75,,,,,1142,,3,1.23,0.7,2.17,,ok,False,cumulative_revision_km,"Kaplan-Meier (1-KM), percent",0.95,All primary ankle replacements ('All cases' row = funnel mean),
NJR,"England, Wales, Northern Ireland, Isle of Man, Guernsey",2025,to 2024-12-31,ankle_sex_age,3.A3,ANKLE,NJR 22nd Annual Report 2025_Ankles.pdf,32,pdf_text,not_needed,stratum,Female | >=75,,,,,,,,Female,>=75,≥75,,,,,1142,,5,1.86,1.13,3.06,,ok,False,cumulative_revision_km,"Kaplan-Meier (1-KM), percent",0.95,All primary ankle replacements ('All cases' row = funnel mean),
NJR,"England, Wales, Northern Ireland, Isle of Man, Guernsey",2025,to 2024-12-31,ankle_sex_age,3.A3,ANKLE,NJR 22nd Annual Report 2025_Ankles.pdf,32,pdf_text,not_needed,stratum,Female | >=75,,,,,,,,Female,>=75,≥75,,,,,1142,,7,2.05,1.26,3.33,,ok,False,cumulative_revision_km,"Kaplan-Meier (1-KM), percent",0.95,All primary ankle replacements ('All cases' row = funnel mean),
NJR,"England, Wales, Northern Ireland, Isle of Man, Guernsey",2025,to 2024-12-31,ankle_sex_age,3.A3,ANKLE,NJR 22nd Annual Report 2025_Ankles.pdf,32,pdf_text,not_needed,stratum,Female | >=75,,,,,,,,Female,>=75,≥75,,,,,1142,,10,2.34,1.43,3.81,,ok,True,cumulative_revision_km,"Kaplan-Meier (1-KM), percent",0.95,All primary ankle replacements ('All cases' row = funnel mean),
NJR,"England, Wales, Northern Ireland, Isle of Man, Guernsey",2025,to 2024-12-31,ankle_sex_age,3.A3,ANKLE,NJR 22nd Annual Report 2025_Ankles.pdf,32,pdf_text,not_needed,stratum,Female | >=75,,,,,,,,Female,>=75,≥75,,,,,1142,,14,3.08,1.69,5.57,,ok,True,cumulative_revision_km,"Kaplan-Meier (1-KM), percent",0.95,All primary ankle replacements ('All cases' row = funnel mean),
NJR,"England, Wales, Northern Ireland, Isle of Man, Guernsey",2025,to 2024-12-31,ankle_sex_age,3.A3,ANKLE,NJR 22nd Annual Report 2025_Ankles.pdf,32,pdf_text,not_needed,subtotal,Male,,,,,,,,Male,,,,,,,6863,,1,0.75,0.57,1.0,,ok,False,cumulative_revision_km,"Kaplan-Meier (1-KM), percent",0.95,All primary ankle replacements ('All cases' row = funnel mean),
NJR,"England, Wales, Northern Ireland, Isle of Man, Guernsey",2025,to 2024-12-31,ankle_sex_age,3.A3,ANKLE,NJR 22nd Annual Report 2025_Ankles.pdf,32,pdf_text,not_needed,subtotal,Male,,,,,,,,Male,,,,,,,6863,,3,2.77,2.36,3.23,,ok,False,cumulative_revision_km,"Kaplan-Meier (1-KM), percent",0.95,All primary ankle replacements ('All cases' row = funnel mean),
NJR,"England, Wales, Northern Ireland, Isle of Man, Guernsey",2025,to 2024-12-31,ankle_sex_age,3.A3,ANKLE,NJR 22nd Annual Report 2025_Ankles.pdf,32,pdf_text,not_needed,subtotal,Male,,,,,,,,Male,,,,,,,6863,,5,4.78,4.21,5.43,,ok,False,cumulative_revision_km,"Kaplan-Meier (1-KM), percent",0.95,All primary ankle replacements ('All cases' row = funnel mean),
NJR,"England, Wales, Northern Ireland, Isle of Man, Guernsey",2025,to 2024-12-31,ankle_sex_age,3.A3,ANKLE,NJR 22nd Annual Report 2025_Ankles.pdf,32,pdf_text,not_needed,subtotal,Male,,,,,,,,Male,,,,,,,6863,,7,6.49,5.78,7.29,,ok,False,cumulative_revision_km,"Kaplan-Meier (1-KM), percent",0.95,All primary ankle replacements ('All cases' row = funnel mean),
NJR,"England, Wales, Northern Ireland, Isle of Man, Guernsey",2025,to 2024-12-31,ankle_sex_age,3.A3,ANKLE,NJR 22nd Annual Report 2025_Ankles.pdf,32,pdf_text,not_needed,subtotal,Male,,,,,,,,Male,,,,,,,6863,,10,9.17,8.17,10.29,,ok,False,cumulative_revision_km,"Kaplan-Meier (1-KM), percent",0.95,All primary ankle replacements ('All cases' row = funnel mean),
NJR,"England, Wales, Northern Ireland, Isle of Man, Guernsey",2025,to 2024-12-31,ankle_sex_age,3.A3,ANKLE,NJR 22nd Annual Report 2025_Ankles.pdf,32,pdf_text,not_needed,subtotal,Male,,,,,,,,Male,,,,,,,6863,,14,11.33,9.8,13.07,,ok,True,cumulative_revision_km,"Kaplan-Meier (1-KM), percent",0.95,All primary ankle replacements ('All cases' row = funnel mean),
NJR,"England, Wales, Northern Ireland, Isle of Man, Guernsey",2025,to 2024-12-31,ankle_sex_age,3.A3,ANKLE,NJR 22nd Annual Report 2025_Ankles.pdf,32,pdf_text,not_needed,stratum,Male | <65,,,,,,,,Male,<65,<65,,,,,2210,,1,0.85,0.53,1.36,,ok,False,cumulative_revision_km,"Kaplan-Meier (1-KM), percent",0.95,All primary ankle replacements ('All cases' row = funnel mean),
NJR,"England, Wales, Northern Ireland, Isle of Man, Guernsey",2025,to 2024-12-31,ankle_sex_age,3.A3,ANKLE,NJR 22nd Annual Report 2025_Ankles.pdf,32,pdf_text,not_needed,stratum,Male | <65,,,,,,,,Male,<65,<65,,,,,2210,,3,3.93,3.11,4.96,,ok,False,cumulative_revision_km,"Kaplan-Meier (1-KM), percent",0.95,All primary ankle replacements ('All cases' row = funnel mean),
NJR,"England, Wales, Northern Ireland, Isle of Man, Guernsey",2025,to 2024-12-31,ankle_sex_age,3.A3,ANKLE,NJR 22nd Annual Report 2025_Ankles.pdf,32,pdf_text,not_needed,stratum,Male | <65,,,,,,,,Male,<65,<65,,,,,2210,,5,6.34,5.23,7.67,,ok,False,cumulative_revision_km,"Kaplan-Meier (1-KM), percent",0.95,All primary ankle replacements ('All cases' row = funnel mean),
NJR,"England, Wales, Northern Ireland, Isle of Man, Guernsey",2025,to 2024-12-31,ankle_sex_age,3.A3,ANKLE,NJR 22nd Annual Report 2025_Ankles.pdf,32,pdf_text,not_needed,stratum,Male | <65,,,,,,,,Male,<65,<65,,,,,2210,,7,8.53,7.16,10.14,,ok,False,cumulative_revision_km,"Kaplan-Meier (1-KM), percent",0.95,All primary ankle replacements ('All cases' row = funnel mean),
NJR,"England, Wales, Northern Ireland, Isle of Man, Guernsey",2025,to 2024-12-31,ankle_sex_age,3.A3,ANKLE,NJR 22nd Annual Report 2025_Ankles.pdf,32,pdf_text,not_needed,stratum,Male | <65,,,,,,,,Male,<65,<65,,,,,2210,,10,11.81,9.96,13.98,,ok,False,cumulative_revision_km,"Kaplan-Meier (1-KM), percent",0.95,All primary ankle replacements ('All cases' row = funnel mean),
NJR,"England, Wales, Northern Ireland, Isle of Man, Guernsey",2025,to 2024-12-31,ankle_sex_age,3.A3,ANKLE,NJR 22nd Annual Report 2025_Ankles.pdf,32,pdf_text,not_needed,stratum,Male | <65,,,,,,,,Male,<65,<65,,,,,2210,,14,14.27,11.65,17.41,,ok,True,cumulative_revision_km,"Kaplan-Meier (1-KM), percent",0.95,All primary ankle replacements ('All cases' row = funnel mean),
NJR,"England, Wales, Northern Ireland, Isle of Man, Guernsey",2025,to 2024-12-31,ankle_sex_age,3.A3,ANKLE,NJR 22nd Annual Report 2025_Ankles.pdf,32,pdf_text,not_needed,stratum,Male | 65-74,,,,,,,,Male,65-74,65 to 74,,,,,2783,,1,0.65,0.4,1.04,,ok,False,cumulative_revision_km,"Kaplan-Meier (1-KM), percent",0.95,All primary ankle replacements ('All cases' row = funnel mean),
NJR,"England, Wales, Northern Ireland, Isle of Man, Guernsey",2025,to 2024-12-31,ankle_sex_age,3.A3,ANKLE,NJR 22nd Annual Report 2025_Ankles.pdf,32,pdf_text,not_needed,stratum,Male | 65-74,,,,,,,,Male,65-74,65 to 74,,,,,2783,,3,2.45,1.9,3.17,,ok,False,cumulative_revision_km,"Kaplan-Meier (1-KM), percent",0.95,All primary ankle replacements ('All cases' row = funnel mean),
NJR,"England, Wales, Northern Ireland, Isle of Man, Guernsey",2025,to 2024-12-31,ankle_sex_age,3.A3,ANKLE,NJR 22nd Annual Report 2025_Ankles.pdf,32,pdf_text,not_needed,stratum,Male | 65-74,,,,,,,,Male,65-74,65 to 74,,,,,2783,,5,4.72,3.87,5.75,,ok,False,cumulative_revision_km,"Kaplan-Meier (1-KM), percent",0.95,All primary ankle replacements ('All cases' row = funnel mean),
NJR,"England, Wales, Northern Ireland, Isle of Man, Guernsey",2025,to 2024-12-31,ankle_sex_age,3.A3,ANKLE,NJR 22nd Annual Report 2025_Ankles.pdf,32,pdf_text,not_needed,stratum,Male | 65-74,,,,,,,,Male,65-74,65 to 74,,,,,2783,,7,6.52,5.45,7.79,,ok,False,cumulative_revision_km,"Kaplan-Meier (1-KM), percent",0.95,All primary ankle replacements ('All cases' row = funnel mean),
NJR,"England, Wales, Northern Ireland, Isle of Man, Guernsey",2025,to 2024-12-31,ankle_sex_age,3.A3,ANKLE,NJR 22nd Annual Report 2025_Ankles.pdf,32,pdf_text,not_needed,stratum,Male | 65-74,,,,,,,,Male,65-74,65 to 74,,,,,2783,,10,9.34,7.85,11.1,,ok,False,cumulative_revision_km,"Kaplan-Meier (1-KM), percent",0.95,All primary ankle replacements ('All cases' row = funnel mean),
NJR,"England, Wales, Northern Ireland, Isle of Man, Guernsey",2025,to 2024-12-31,ankle_sex_age,3.A3,ANKLE,NJR 22nd Annual Report 2025_Ankles.pdf,32,pdf_text,not_needed,stratum,Male | 65-74,,,,,,,,Male,65-74,65 to 74,,,,,2783,,14,11.73,9.52,14.41,,ok,True,cumulative_revision_km,"Kaplan-Meier (1-KM), percent",0.95,All primary ankle replacements ('All cases' row = funnel mean),
NJR,"England, Wales, Northern Ireland, Isle of Man, Guernsey",2025,to 2024-12-31,ankle_sex_age,3.A3,ANKLE,NJR 22nd Annual Report 2025_Ankles.pdf,32,pdf_text,not_needed,stratum,Male | >=75,,,,,,,,Male,>=75,≥75,,,,,1870,,1,0.8,0.48,1.35,,ok,False,cumulative_revision_km,"Kaplan-Meier (1-KM), percent",0.95,All primary ankle replacements ('All cases' row = funnel mean),
NJR,"England, Wales, Northern Ireland, Isle of Man, Guernsey",2025,to 2024-12-31,ankle_sex_age,3.A3,ANKLE,NJR 22nd Annual Report 2025_Ankles.pdf,32,pdf_text,not_needed,stratum,Male | >=75,,,,,,,,Male,>=75,≥75,,,,,1870,,3,1.84,1.27,2.67,,ok,False,cumulative_revision_km,"Kaplan-Meier (1-KM), percent",0.95,All primary ankle replacements ('All cases' row = funnel mean),
NJR,"England, Wales, Northern Ireland, Isle of Man, Guernsey",2025,to 2024-12-31,ankle_sex_age,3.A3,ANKLE,NJR 22nd Annual Report 2025_Ankles.pdf,32,pdf_text,not_needed,stratum,Male | >=75,,,,,,,,Male,>=75,≥75,,,,,1870,,5,2.9,2.11,3.98,,ok,False,cumulative_revision_km,"Kaplan-Meier (1-KM), percent",0.95,All primary ankle replacements ('All cases' row = funnel mean),
NJR,"England, Wales, Northern Ireland, Isle of Man, Guernsey",2025,to 2024-12-31,ankle_sex_age,3.A3,ANKLE,NJR 22nd Annual Report 2025_Ankles.pdf,32,pdf_text,not_needed,stratum,Male | >=75,,,,,,,,Male,>=75,≥75,,,,,1870,,7,3.71,2.71,5.07,,ok,False,cumulative_revision_km,"Kaplan-Meier (1-KM), percent",0.95,All primary ankle replacements ('All cases' row = funnel mean),
NJR,"England, Wales, Northern Ireland, Isle of Man, Guernsey",2025,to 2024-12-31,ankle_sex_age,3.A3,ANKLE,NJR 22nd Annual Report 2025_Ankles.pdf,32,pdf_text,not_needed,stratum,Male | >=75,,,,,,,,Male,>=75,≥75,,,,,1870,,10,4.79,3.44,6.65,,ok,True,cumulative_revision_km,"Kaplan-Meier (1-KM), percent",0.95,All primary ankle replacements ('All cases' row = funnel mean),
NJR,"England, Wales, Northern Ireland, Isle of Man, Guernsey",2025,to 2024-12-31,ankle_sex_age,3.A3,ANKLE,NJR 22nd Annual Report 2025_Ankles.pdf,32,pdf_text,not_needed,stratum,Male | >=75,,,,,,,,Male,>=75,≥75,,,,,1870,,14,4.79,3.44,6.65,,ok,True,cumulative_revision_km,"Kaplan-Meier (1-KM), percent",0.95,All primary ankle replacements ('All cases' row = funnel mean),
